source_id	sent_ordinal	sent_uid	sent_text	text_pt_br	visible	path	container_uid	container_id	container_title	token_ordinal	token_p	token_form	token_tag_source	token_level	token_gloss_br	split_obj_json	split_count	split_forms	split_tags	split_glosses_br	split_fns	split_idxs	chunk_memberships	proto_conllu_id	proto_conllu_form	proto_conllu_misc_json	proto_token_range
hil-data	1	fcef38ed-be6b-4f2a-b5cf-fa4db625ecfb	Iwaalo libiniena	A mulher está bonita .		$.pages[0].sentences[0]	ffef8450-e302-4882-8306-e5998d31f584			1	1	Iwaalo	N	1	mulher		2	iwaa|lo	n|Cla	mulher|cla	|	|	IP-MAT[l=0]|NP-SBJ[l=1]				
hil-data	1	fcef38ed-be6b-4f2a-b5cf-fa4db625ecfb	Iwaalo libiniena	A mulher está bonita .		$.pages[0].sentences[0]	ffef8450-e302-4882-8306-e5998d31f584			2	2	libiniena	N$	1	beleza		0						IP-MAT[l=0]|NP-PRD[l=1]				
hil-data	2	31d3b4c0-4aab-4538-999b-b8ee85c34444	Iwaalo ninitibeci	A mulher está feliz .		$.pages[0].sentences[1]	ffef8450-e302-4882-8306-e5998d31f584			1	1	Iwaalo	N	1	mulher		2	iwaa|lo	n|Cla	mulher|cla	|	|	IP-MAT[l=0]|NP[l=1]				
hil-data	2	31d3b4c0-4aab-4538-999b-b8ee85c34444	Iwaalo ninitibeci	A mulher está feliz .		$.pages[0].sentences[1]	ffef8450-e302-4882-8306-e5998d31f584			2	2	ninitibeci	VB	0	está feliz		0						IP-MAT[l=0]				
hil-data	3	39f34955-a828-47d7-808d-b3b3565b42d6	LotaGa Ganioxoa libinienaGa	A palavra de seu irmão é bonita .		$.pages[0].sentences[2]	ffef8450-e302-4882-8306-e5998d31f584			1	1	LotaGa	N$	1	palavra del(e|a)		2	l|otaGa	Gen|n	3|palavra	|	|	IP-MAT[l=0]|NP-SBJ[l=1]				
hil-data	3	39f34955-a828-47d7-808d-b3b3565b42d6	LotaGa Ganioxoa libinienaGa	A palavra de seu irmão é bonita .		$.pages[0].sentences[2]	ffef8450-e302-4882-8306-e5998d31f584			2	2	Ganioxoa	N$	1	seu irmão		2	Ga|nioxoa	Gnr|n	|	|	|	IP-MAT[l=0]|NP-SBJ[l=1]				
hil-data	3	39f34955-a828-47d7-808d-b3b3565b42d6	LotaGa Ganioxoa libinienaGa	A palavra de seu irmão é bonita .		$.pages[0].sentences[2]	ffef8450-e302-4882-8306-e5998d31f584			3	3	libinienaGa	N$	1	bonita		4	l|binie|na|Ga	Gen|n|Dim|Plu	3|beleza||PL	|||	|||	IP-MAT[l=0]|NP-PRD[l=1]				
hil-data	4	d3ae6cfd-bec1-49f3-a0f9-4ca0744e3404	LotaGa Gadodawa libinienaGa	A palavra do seu marido é bonita .		$.pages[0].sentences[3]	ffef8450-e302-4882-8306-e5998d31f584			1	1	LotaGa	N$	1	palavra del(e|a)		2	l|otaGa	Gen|n	3|palavra	|	|	IP-MAT[l=0]|NP-SBJ[l=1]				
hil-data	4	d3ae6cfd-bec1-49f3-a0f9-4ca0744e3404	LotaGa Gadodawa libinienaGa	A palavra do seu marido é bonita .		$.pages[0].sentences[3]	ffef8450-e302-4882-8306-e5998d31f584			2	2	Gadodawa	N$	1	seu marido		2	Gad|odawa	Gen|n	2|marido|esposa	|	|	IP-MAT[l=0]|NP-SBJ[l=1]				
hil-data	4	d3ae6cfd-bec1-49f3-a0f9-4ca0744e3404	LotaGa Gadodawa libinienaGa	A palavra do seu marido é bonita .		$.pages[0].sentences[3]	ffef8450-e302-4882-8306-e5998d31f584			3	3	libinienaGa	N$	1	bonita		4	l|binie|na|Ga	Gen|n|Dim|Plu	3|beleza||PL	|||	|||	IP-MAT[l=0]|NP-PRD[l=1]				
hil-data	5	e349508c-4d86-48b8-9918-057988755e77	Etogo aneiwaGadi adakake lojedi	A pesada canoa está barata .		$.pages[0].sentences[4]	ffef8450-e302-4882-8306-e5998d31f584			1	1	Etogo	N	1			0						IP-MAT[l=0]|NP-SBJ[l=1]				
hil-data	5	e349508c-4d86-48b8-9918-057988755e77	Etogo aneiwaGadi adakake lojedi	A pesada canoa está barata .		$.pages[0].sentences[4]	ffef8450-e302-4882-8306-e5998d31f584			2	2	ane@	WPRO	3		"{""v"": ""aneiwaGadi"", ""t"": ""WPRO+VB"", ""idx"": 0}"	2	ane|iwaGadi	|	|	True|	|	IP-MAT[l=0]|NP-SBJ[l=1]|CP-REL[l=2]|WNP[l=3]				
hil-data	5	e349508c-4d86-48b8-9918-057988755e77	Etogo aneiwaGadi adakake lojedi	A pesada canoa está barata .		$.pages[0].sentences[4]	ffef8450-e302-4882-8306-e5998d31f584			3	3	*T*		4			0						IP-MAT[l=0]|NP-SBJ[l=1]|CP-REL[l=2]|IP-SUB[l=3]|NP-TRACE[l=4]				
hil-data	5	e349508c-4d86-48b8-9918-057988755e77	Etogo aneiwaGadi adakake lojedi	A pesada canoa está barata .		$.pages[0].sentences[4]	ffef8450-e302-4882-8306-e5998d31f584			4	4	@iwaGadi	VB	3		"{""idx"": 1}"	0						IP-MAT[l=0]|NP-SBJ[l=1]|CP-REL[l=2]|IP-SUB[l=3]				
hil-data	5	e349508c-4d86-48b8-9918-057988755e77	Etogo aneiwaGadi adakake lojedi	A pesada canoa está barata .		$.pages[0].sentences[4]	ffef8450-e302-4882-8306-e5998d31f584			5	5	adakake	NEG+ADJ	0	não duro		3	aG|d|akake	Neg|Inv|v	||	True||	||	IP-MAT[l=0]				
hil-data	5	e349508c-4d86-48b8-9918-057988755e77	Etogo aneiwaGadi adakake lojedi	A pesada canoa está barata .		$.pages[0].sentences[4]	ffef8450-e302-4882-8306-e5998d31f584			6	6	lojedi	N$	1	vingança/preço		2	l|ojedi	|	|	|	|	IP-MAT[l=0]|NP-PRD[l=1]				
hil-data	6	1d10c633-e74d-4e27-ac23-6b6b2dde9647	Etogo ane iwaGadi adakake loojedi	A canoa pesada é barata .		$.pages[0].sentences[5]	ffef8450-e302-4882-8306-e5998d31f584			1	1	Etogo	N	1			0						IP-MAT[l=0]|NP-SBJ[l=1]				
hil-data	6	1d10c633-e74d-4e27-ac23-6b6b2dde9647	Etogo ane iwaGadi adakake loojedi	A canoa pesada é barata .		$.pages[0].sentences[5]	ffef8450-e302-4882-8306-e5998d31f584			2	2	ane	WPRO	3	que 		0						IP-MAT[l=0]|NP-SBJ[l=1]|CP-REL[l=2]|WNP[l=3]				
hil-data	6	1d10c633-e74d-4e27-ac23-6b6b2dde9647	Etogo ane iwaGadi adakake loojedi	A canoa pesada é barata .		$.pages[0].sentences[5]	ffef8450-e302-4882-8306-e5998d31f584			3	3	*T*		4			0						IP-MAT[l=0]|NP-SBJ[l=1]|CP-REL[l=2]|IP-SUB[l=3]|NP-TRACE[l=4]				
hil-data	6	1d10c633-e74d-4e27-ac23-6b6b2dde9647	Etogo ane iwaGadi adakake loojedi	A canoa pesada é barata .		$.pages[0].sentences[5]	ffef8450-e302-4882-8306-e5998d31f584			4	4	iwaGadi	VB	3	(é|está)_pesad(o|a)		2	i|waGadi	Erg|v	3|(ser|estar)_pesad(o|a)	|	|	IP-MAT[l=0]|NP-SBJ[l=1]|CP-REL[l=2]|IP-SUB[l=3]				
hil-data	6	1d10c633-e74d-4e27-ac23-6b6b2dde9647	Etogo ane iwaGadi adakake loojedi	A canoa pesada é barata .		$.pages[0].sentences[5]	ffef8450-e302-4882-8306-e5998d31f584			5	5	adakake	NEG+ADJ	0	não duro		2	aG|akake	|Adj	|	|	|	IP-MAT[l=0]				
hil-data	6	1d10c633-e74d-4e27-ac23-6b6b2dde9647	Etogo ane iwaGadi adakake loojedi	A canoa pesada é barata .		$.pages[0].sentences[5]	ffef8450-e302-4882-8306-e5998d31f584			6	6	loojedi	N$	1	preço		0						IP-MAT[l=0]|NP-PRD[l=1]				
hil-data	7	435e4b10-ab78-4ee3-84b0-7773dbe10bf7	Gawenigi eliodi me libinienigi	A sua comida é muito bonita .		$.pages[0].sentences[6]	ffef8450-e302-4882-8306-e5998d31f584			1	1	Gawenigi	N$	1			0						IP-MAT[l=0]|NP-SBJ[l=1]				
hil-data	7	435e4b10-ab78-4ee3-84b0-7773dbe10bf7	Gawenigi eliodi me libinienigi	A sua comida é muito bonita .		$.pages[0].sentences[6]	ffef8450-e302-4882-8306-e5998d31f584			2	2	eliodi	Q	1	muito		0						IP-MAT[l=0]|CP-me[l=1]				
hil-data	7	435e4b10-ab78-4ee3-84b0-7773dbe10bf7	Gawenigi eliodi me libinienigi	A sua comida é muito bonita .		$.pages[0].sentences[6]	ffef8450-e302-4882-8306-e5998d31f584			3	3	me	C	1	que		0						IP-MAT[l=0]|CP-me[l=1]				
hil-data	7	435e4b10-ab78-4ee3-84b0-7773dbe10bf7	Gawenigi eliodi me libinienigi	A sua comida é muito bonita .		$.pages[0].sentences[6]	ffef8450-e302-4882-8306-e5998d31f584			4	4	libinienigi	N$	3	bonito		3	l|ibinie|nigi	Gen|n|Dim	||masc	||	||	IP-MAT[l=0]|CP-me[l=1]|IP-SUB[l=2]|NP[l=3]				
hil-data	8	cf44903e-0c33-44bc-a146-1fb8a4ccb973	NiGijo liwenigi libinienigi	Aquela comida dela é bonita .		$.pages[0].sentences[7]	ffef8450-e302-4882-8306-e5998d31f584			1	1	NiGijo	D	1	este		3	nG|i|jo	Anf|Gnr|Ncl	||	||	||	IP-MAT[l=0]|NP-SBJ[l=1]				
hil-data	8	cf44903e-0c33-44bc-a146-1fb8a4ccb973	NiGijo liwenigi libinienigi	Aquela comida dela é bonita .		$.pages[0].sentences[7]	ffef8450-e302-4882-8306-e5998d31f584			2	2	liwenigi	N$	1			0						IP-MAT[l=0]|NP-SBJ[l=1]				
hil-data	8	cf44903e-0c33-44bc-a146-1fb8a4ccb973	NiGijo liwenigi libinienigi	Aquela comida dela é bonita .		$.pages[0].sentences[7]	ffef8450-e302-4882-8306-e5998d31f584			3	3	libinienigi	N$	1	bonito		3	l|ibinie|nigi	Gen|n|Dim	||masc	||	||	IP-MAT[l=0]|NP-PRD[l=1]				
hil-data	9	0ca977cd-2edf-45d9-b958-068648aebef9	NiGida niwenigi eliodi me dakake loojedi	Aquela comida é muito cara .		$.pages[0].sentences[8]	ffef8450-e302-4882-8306-e5998d31f584			1	1	NiGida	D	1	este		3	nG|i|da	Dem|Gnr|Ncl	|M|em_pé	||	||	IP-MAT[l=0]|NP-SBJ[l=1]				
hil-data	9	0ca977cd-2edf-45d9-b958-068648aebef9	NiGida niwenigi eliodi me dakake loojedi	Aquela comida é muito cara .		$.pages[0].sentences[8]	ffef8450-e302-4882-8306-e5998d31f584			2	2	niwenigi	N$	1	comida		2	n|wenigi	Ant|n	|comida	|	|	IP-MAT[l=0]|NP-SBJ[l=1]				
hil-data	9	0ca977cd-2edf-45d9-b958-068648aebef9	NiGida niwenigi eliodi me dakake loojedi	Aquela comida é muito cara .		$.pages[0].sentences[8]	ffef8450-e302-4882-8306-e5998d31f584			3	3	eliodi	Q	1	muito		0						IP-MAT[l=0]|CP-me[l=1]				
hil-data	9	0ca977cd-2edf-45d9-b958-068648aebef9	NiGida niwenigi eliodi me dakake loojedi	Aquela comida é muito cara .		$.pages[0].sentences[8]	ffef8450-e302-4882-8306-e5998d31f584			4	4	me	C	1	que		0						IP-MAT[l=0]|CP-me[l=1]				
hil-data	9	0ca977cd-2edf-45d9-b958-068648aebef9	NiGida niwenigi eliodi me dakake loojedi	Aquela comida é muito cara .		$.pages[0].sentences[8]	ffef8450-e302-4882-8306-e5998d31f584			5	5	dakake	ADJ	3	duro		2	d|akake	Inv|v	|	|	|	IP-MAT[l=0]|CP-me[l=1]|IP-SUB[l=2]|NP[l=3]				
hil-data	9	0ca977cd-2edf-45d9-b958-068648aebef9	NiGida niwenigi eliodi me dakake loojedi	Aquela comida é muito cara .		$.pages[0].sentences[8]	ffef8450-e302-4882-8306-e5998d31f584			6	6	loojedi	N$	3	vingança/preço		0						IP-MAT[l=0]|CP-me[l=1]|IP-SUB[l=2]|NP[l=3]				
hil-data	10	559ba85f-edfc-48dc-9bfb-0c3f8e5ad887	NaGajo lomigo Pedilo idei madi niwatece	Aquele anzol do Pedro está na canoa .		$.pages[0].sentences[9]	ffef8450-e302-4882-8306-e5998d31f584			1	1	NaGajo	D	1	aquela		3	nG|a|jo	Dem|Gnr|Ncl	|F|indo	||	||	IP-MAT[l=0]|NP[l=1]				
hil-data	10	559ba85f-edfc-48dc-9bfb-0c3f8e5ad887	NaGajo lomigo Pedilo idei madi niwatece	Aquele anzol do Pedro está na canoa .		$.pages[0].sentences[9]	ffef8450-e302-4882-8306-e5998d31f584			2	2	lomigo	N$	1	anzol		0						IP-MAT[l=0]|NP[l=1]				
hil-data	10	559ba85f-edfc-48dc-9bfb-0c3f8e5ad887	NaGajo lomigo Pedilo idei madi niwatece	Aquele anzol do Pedro está na canoa .		$.pages[0].sentences[9]	ffef8450-e302-4882-8306-e5998d31f584			3	3	Pedilo	NPR	2	Pedro		0						IP-MAT[l=0]|NP[l=1]|NP[l=2]				
hil-data	10	559ba85f-edfc-48dc-9bfb-0c3f8e5ad887	NaGajo lomigo Pedilo idei madi niwatece	Aquele anzol do Pedro está na canoa .		$.pages[0].sentences[9]	ffef8450-e302-4882-8306-e5998d31f584			4	4	idei	VB	0	fica		2	i|dei	Erg|v	3|ficar(permanente)	|	|	IP-MAT[l=0]				
hil-data	10	559ba85f-edfc-48dc-9bfb-0c3f8e5ad887	NaGajo lomigo Pedilo idei madi niwatece	Aquele anzol do Pedro está na canoa .		$.pages[0].sentences[9]	ffef8450-e302-4882-8306-e5998d31f584			5	5	me@	C	1	que o	"{""v"": ""madi"", ""t"": ""C+D"", ""idx"": 0}"	3	me|a|di	||	||	True||	||	IP-MAT[l=0]|CP-me[l=1]				
hil-data	10	559ba85f-edfc-48dc-9bfb-0c3f8e5ad887	NaGajo lomigo Pedilo idei madi niwatece	Aquele anzol do Pedro está na canoa .		$.pages[0].sentences[9]	ffef8450-e302-4882-8306-e5998d31f584			6	6	@adi	D	3		"{""idx"": 1}"	0						IP-MAT[l=0]|CP-me[l=1]|IP-SUB[l=2]|NP[l=3]				
hil-data	10	559ba85f-edfc-48dc-9bfb-0c3f8e5ad887	NaGajo lomigo Pedilo idei madi niwatece	Aquele anzol do Pedro está na canoa .		$.pages[0].sentences[9]	ffef8450-e302-4882-8306-e5998d31f584			7	7	niwatece	N$	3	canoa		2	n|watece	Ant|n	|canoa	|	|	IP-MAT[l=0]|CP-me[l=1]|IP-SUB[l=2]|NP[l=3]				
hil-data	11	92838eda-ef9b-4f05-a5eb-38a4709c0337	NaGajo lomigo niganigawanigi madi niwatece	Aquele anzol do menino é na canoa .		$.pages[0].sentences[10]	ffef8450-e302-4882-8306-e5998d31f584			1	1	NaGajo	D	1	o		3	nG|a|jo	Dem|Gnr|Ncl	||	||	||	IP-MAT[l=0]|NP-SBJ[l=1]				
hil-data	11	92838eda-ef9b-4f05-a5eb-38a4709c0337	NaGajo lomigo niganigawanigi madi niwatece	Aquele anzol do menino é na canoa .		$.pages[0].sentences[10]	ffef8450-e302-4882-8306-e5998d31f584			2	2	lomigo	N$	1	anzol		0						IP-MAT[l=0]|NP-SBJ[l=1]				
hil-data	11	92838eda-ef9b-4f05-a5eb-38a4709c0337	NaGajo lomigo niganigawanigi madi niwatece	Aquele anzol do menino é na canoa .		$.pages[0].sentences[10]	ffef8450-e302-4882-8306-e5998d31f584			3	3	niganigawanigi	N	2	menino		0						IP-MAT[l=0]|NP-SBJ[l=1]|NP[l=2]				
hil-data	11	92838eda-ef9b-4f05-a5eb-38a4709c0337	NaGajo lomigo niganigawanigi madi niwatece	Aquele anzol do menino é na canoa .		$.pages[0].sentences[10]	ffef8450-e302-4882-8306-e5998d31f584			4	4	me@	C	1	que o	"{""v"": ""madi"", ""t"": ""C+D"", ""idx"": 0}"	3	me|a|di	||	||	True||	||	IP-MAT[l=0]|CP-me[l=1]				
hil-data	11	92838eda-ef9b-4f05-a5eb-38a4709c0337	NaGajo lomigo niganigawanigi madi niwatece	Aquele anzol do menino é na canoa .		$.pages[0].sentences[10]	ffef8450-e302-4882-8306-e5998d31f584			5	5	@adi	D	3		"{""idx"": 1}"	0						IP-MAT[l=0]|CP-me[l=1]|IP-SUB[l=2]|NP[l=3]				
hil-data	11	92838eda-ef9b-4f05-a5eb-38a4709c0337	NaGajo lomigo niganigawanigi madi niwatece	Aquele anzol do menino é na canoa .		$.pages[0].sentences[10]	ffef8450-e302-4882-8306-e5998d31f584			6	6	niwatece	N$	3	canoa		2	n|watece	Ant|n	|canoa	|	|	IP-MAT[l=0]|CP-me[l=1]|IP-SUB[l=2]|NP[l=3]				
hil-data	12	3a7e213b-323e-4694-bad9-47091f3533f5	Te ee nigotaGa	Estou na cidade .		$.pages[0].sentences[11]	ffef8450-e302-4882-8306-e5998d31f584			1	1	Te	VB	2			0						IP-MAT[l=0]|NP[l=1]|IP[l=2]				
hil-data	12	3a7e213b-323e-4694-bad9-47091f3533f5	Te ee nigotaGa	Estou na cidade .		$.pages[0].sentences[11]	ffef8450-e302-4882-8306-e5998d31f584			2	2	ee	PRO	3	eu		0						IP-MAT[l=0]|NP[l=1]|IP[l=2]|NP[l=3]				
hil-data	12	3a7e213b-323e-4694-bad9-47091f3533f5	Te ee nigotaGa	Estou na cidade .		$.pages[0].sentences[11]	ffef8450-e302-4882-8306-e5998d31f584			3	3	nigotaGa	N	1	cidade		1						IP-MAT[l=0]|NP[l=1]				
hil-data	13	0de3d311-348a-4107-a191-9fc3f960c249	niGijoa lionaga iwaalo idei mijotaGa	Aqueles filhos da mulher estão com eles .		$.pages[0].sentences[12]	ffef8450-e302-4882-8306-e5998d31f584			1	1	niGijoa	D	1			0						IP-MAT[l=0]|NP[l=1]				
hil-data	13	0de3d311-348a-4107-a191-9fc3f960c249	niGijoa lionaga iwaalo idei mijotaGa	Aqueles filhos da mulher estão com eles .		$.pages[0].sentences[12]	ffef8450-e302-4882-8306-e5998d31f584			2	2	lionaga	N$	1			0						IP-MAT[l=0]|NP[l=1]				
hil-data	13	0de3d311-348a-4107-a191-9fc3f960c249	niGijoa lionaga iwaalo idei mijotaGa	Aqueles filhos da mulher estão com eles .		$.pages[0].sentences[12]	ffef8450-e302-4882-8306-e5998d31f584			3	3	iwaalo	N	2	mulher		2	iwaa|lo	n|Cla	mulher|cla	|	|	IP-MAT[l=0]|NP[l=1]|NP[l=2]				
hil-data	13	0de3d311-348a-4107-a191-9fc3f960c249	niGijoa lionaga iwaalo idei mijotaGa	Aqueles filhos da mulher estão com eles .		$.pages[0].sentences[12]	ffef8450-e302-4882-8306-e5998d31f584			4	4	idei	VB	0	fica		2	i|dei	Erg|v	3|ficar(permanente)	|	|	IP-MAT[l=0]				
hil-data	13	0de3d311-348a-4107-a191-9fc3f960c249	niGijoa lionaga iwaalo idei mijotaGa	Aqueles filhos da mulher estão com eles .		$.pages[0].sentences[12]	ffef8450-e302-4882-8306-e5998d31f584			5	5	me@	C	1	com ele	"{""v"": ""mijotaGa"", ""t"": ""C+DAPL"", ""idx"": 0}"	2	me|ijotaGa	|	|	True|	|	IP-MAT[l=0]|CP-me[l=1]				
hil-data	13	0de3d311-348a-4107-a191-9fc3f960c249	niGijoa lionaga iwaalo idei mijotaGa	Aqueles filhos da mulher estão com eles .		$.pages[0].sentences[12]	ffef8450-e302-4882-8306-e5998d31f584			6	6	@ijotaGa	DAPL	3		"{""idx"": 1}"	0						IP-MAT[l=0]|CP-me[l=1]|IP-SUB[l=2]|NP[l=3]				
hil-data	14	4e9130da-80fd-4ac2-8665-956c95b299e2	dibixodi ideiticoaci maditaGa	As formigas estão nela .		$.pages[0].sentences[13]	ffef8450-e302-4882-8306-e5998d31f584			1	1	dibixodi	N	1	formiga		0						IP-MAT[l=0]|NP[l=1]				
hil-data	14	4e9130da-80fd-4ac2-8665-956c95b299e2	dibixodi ideiticoaci maditaGa	As formigas estão nela .		$.pages[0].sentences[13]	ffef8450-e302-4882-8306-e5998d31f584			2	2	ideiticoaci	VB	0			3	i|dei|ticoaci	Erg|v|Dir	3||	||	||	IP-MAT[l=0]				
hil-data	14	4e9130da-80fd-4ac2-8665-956c95b299e2	dibixodi ideiticoaci maditaGa	As formigas estão nela .		$.pages[0].sentences[13]	ffef8450-e302-4882-8306-e5998d31f584			3	3	me@	C	1	com ela	"{""v"": ""maditaGa"", ""t"": ""C+DAPL"", ""idx"": 0}"	4	me|a|di|taGa	c|Gnr|Ncl|Apl	|||	True|||	|||	IP-MAT[l=0]|CP-me[l=1]				
hil-data	14	4e9130da-80fd-4ac2-8665-956c95b299e2	dibixodi ideiticoaci maditaGa	As formigas estão nela .		$.pages[0].sentences[13]	ffef8450-e302-4882-8306-e5998d31f584			4	4	@aditaGa	DAPL	3		"{""idx"": 1}"	0						IP-MAT[l=0]|CP-me[l=1]|IP-SUB[l=2]|NP[l=3]				
hil-data	15	baccc279-f303-4b4f-a6d7-4404de699f4a	Iwaalepodi libinienigipi .	As mulheres estão bonitas .		$.pages[0].sentences[14]	ffef8450-e302-4882-8306-e5998d31f584			1	1	Iwaalepodi	N	1	mulheres		4	Iwaa|lo|p|adi	n|Gnr|Ep|Plu	mulher|FEM||	|||	|||	IP-MAT[l=0]|NP-SBJ[l=1]				
hil-data	15	baccc279-f303-4b4f-a6d7-4404de699f4a	Iwaalepodi libinienigipi .	As mulheres estão bonitas .		$.pages[0].sentences[14]	ffef8450-e302-4882-8306-e5998d31f584			2	2	libinienigipi	N$	1	belezas del(e|a)		5	l|binie|na|gi|pi	Gen|n|Dim|Gnr|Plu	3|beleza||MASC|PL	||||	||||	IP-MAT[l=0]|NP-PRD[l=1]				
hil-data	15	baccc279-f303-4b4f-a6d7-4404de699f4a	Iwaalepodi libinienigipi .	As mulheres estão bonitas .		$.pages[0].sentences[14]	ffef8450-e302-4882-8306-e5998d31f584			3	3	.	PUNC	0			0						IP-MAT[l=0]				
hil-data	16	af474637-80f3-4001-884c-4d5f452fb573	Ninitibeci .	Ela está feliz .		$.pages[0].sentences[15]	ffef8450-e302-4882-8306-e5998d31f584			1	1	Ninitibeci	VB	0			0						IP-MAT[l=0]				
hil-data	16	af474637-80f3-4001-884c-4d5f452fb573	Ninitibeci .	Ela está feliz .		$.pages[0].sentences[15]	ffef8450-e302-4882-8306-e5998d31f584			2	2	.	PUNC	0			0						IP-MAT[l=0]				
hil-data	17	8f297896-5ee6-461f-86e3-0d4d4ef5a661	ninitibeci naGada	Ela está feliz .		$.pages[0].sentences[16]	ffef8450-e302-4882-8306-e5998d31f584			1	1	ninitibeci	VB	0			0						IP-MAT[l=0]				
hil-data	17	8f297896-5ee6-461f-86e3-0d4d4ef5a661	ninitibeci naGada	Ela está feliz .		$.pages[0].sentences[16]	ffef8450-e302-4882-8306-e5998d31f584			2	2	naGada	D	1	ela		3	nG|a|da	Dem|Gnr|Ncl	||	||	||	IP-MAT[l=0]|NP[l=1]				
hil-data	18	4855882d-49f1-4035-bd12-73abf82df995	Ninitibeci naGadi .	Ela está feliz .		$.pages[0].sentences[17]	ffef8450-e302-4882-8306-e5998d31f584			1	1	Ninitibeci	VB	0			0						IP-MAT[l=0]				
hil-data	18	4855882d-49f1-4035-bd12-73abf82df995	Ninitibeci naGadi .	Ela está feliz .		$.pages[0].sentences[17]	ffef8450-e302-4882-8306-e5998d31f584			2	2	naGadi	D	1	aquela		3	nG|a|di	Dem|Gnr|Ncl	|F|deitad(o|a)	||	||	IP-MAT[l=0]|NP[l=1]				
hil-data	18	4855882d-49f1-4035-bd12-73abf82df995	Ninitibeci naGadi .	Ela está feliz .		$.pages[0].sentences[17]	ffef8450-e302-4882-8306-e5998d31f584			3	3	.	PUNC	0			0						IP-MAT[l=0]				
hil-data	19	d489d970-e6b1-42e3-add2-2221f2fb1fad	naGada iwaGadi	Ela está pesada		$.pages[0].sentences[18]	ffef8450-e302-4882-8306-e5998d31f584			1	1	naGada	D	1	ela		3	nG|a|da	Dem|Gnr|Ncl	||	||	||	IP-MAT[l=0]|NP[l=1]				
hil-data	19	d489d970-e6b1-42e3-add2-2221f2fb1fad	naGada iwaGadi	Ela está pesada		$.pages[0].sentences[18]	ffef8450-e302-4882-8306-e5998d31f584			2	2	iwaGadi	VB	0	(é|está)_pesad(o|a)		2	i|waGadi	Erg|v	3|(ser|estar)_pesad(o|a)	|	|	IP-MAT[l=0]				
hil-data	20	23b27bf4-3694-4053-8f74-b3c739fc8ee2	naGadi iwaGadi	Ela está pesada.		$.pages[0].sentences[19]	ffef8450-e302-4882-8306-e5998d31f584			1	1	naGadi	D	1	aquela		3	nG|a|di	Dem|Gnr|Ncl	|F|deitad(o|a)	||	||	IP-MAT[l=0]|NP[l=1]				
hil-data	20	23b27bf4-3694-4053-8f74-b3c739fc8ee2	naGadi iwaGadi	Ela está pesada.		$.pages[0].sentences[19]	ffef8450-e302-4882-8306-e5998d31f584			2	2	iwaGadi	VB	0	(é|está)_pesad(o|a)		2	i|waGadi	Erg|v	3|(ser|estar)_pesad(o|a)	|	|	IP-MAT[l=0]				
hil-data	21	85801af7-8128-4d85-a7bd-a182d5dc58a5	NaGana iwaGadi	Ela está pesada.		$.pages[0].sentences[20]	ffef8450-e302-4882-8306-e5998d31f584			1	1	NaGana	D	1	aquela		3	nG|a|na	Dem|Gnr|Ncl	|F|vindo	||	||	IP-MAT[l=0]|NP[l=1]				
hil-data	21	85801af7-8128-4d85-a7bd-a182d5dc58a5	NaGana iwaGadi	Ela está pesada.		$.pages[0].sentences[20]	ffef8450-e302-4882-8306-e5998d31f584			2	2	iwaGadi	VB	0	(é|está)_pesad(o|a)		2	i|waGadi	Erg|v	3|(ser|estar)_pesad(o|a)	|	|	IP-MAT[l=0]				
hil-data	22	b9d77060-3ac9-4305-ba86-2723cc7cb70a	Ada iwaGadi	Ela está é pesada.		$.pages[0].sentences[21]	ffef8450-e302-4882-8306-e5998d31f584			1	1	Ada	D	1	essa		2	a|da	Gnr|Ncl	F|em_pé	|	|	IP-MAT[l=0]|NP[l=1]				
hil-data	22	b9d77060-3ac9-4305-ba86-2723cc7cb70a	Ada iwaGadi	Ela está é pesada.		$.pages[0].sentences[21]	ffef8450-e302-4882-8306-e5998d31f584			2	2	iwaGadi	VB	0	(é|está)_pesad(o|a)		2	i|waGadi	Erg|v	3|(ser|estar)_pesad(o|a)	|	|	IP-MAT[l=0]				
hil-data	23	7521cd51-aa9b-4ff6-8d87-a5ce4ca92b6d	Ani iwaGadi	Ela está é pesada.		$.pages[0].sentences[22]	ffef8450-e302-4882-8306-e5998d31f584			1	1	Ani	D	1	essa		2	a|ni	Gnr|Ncl	F|sentad(o|a)	|	|	IP-MAT[l=0]|NP[l=1]				
hil-data	23	7521cd51-aa9b-4ff6-8d87-a5ce4ca92b6d	Ani iwaGadi	Ela está é pesada.		$.pages[0].sentences[22]	ffef8450-e302-4882-8306-e5998d31f584			2	2	iwaGadi	VB	0	(é|está)_pesad(o|a)		2	i|waGadi	Erg|v	3|(ser|estar)_pesad(o|a)	|	|	IP-MAT[l=0]				
hil-data	24	96687d35-46ae-4338-9398-ff66a3165b61	Adi iwaGadi	Ela está é pesada.		$.pages[0].sentences[23]	ffef8450-e302-4882-8306-e5998d31f584			1	1	Adi	D	1	essa		2	a|di	Gnr|Ncl	F|deitad(o|a)	|	|	IP-MAT[l=0]|NP[l=1]				
hil-data	24	96687d35-46ae-4338-9398-ff66a3165b61	Adi iwaGadi	Ela está é pesada.		$.pages[0].sentences[23]	ffef8450-e302-4882-8306-e5998d31f584			2	2	iwaGadi	VB	0	(é|está)_pesad(o|a)		2	i|waGadi	Erg|v	3|(ser|estar)_pesad(o|a)	|	|	IP-MAT[l=0]				
hil-data	25	24a9e039-79d0-4026-8824-0d061c2b21ee	naGana eliodi meninitibeci	Ela é muito feliz .		$.pages[0].sentences[24]	ffef8450-e302-4882-8306-e5998d31f584			1	1	naGana	D	1	aquela		3	nG|a|na	Dem|Gnr|Ncl	|F|vindo	||	||	IP-MAT[l=0]|NP[l=1]				
hil-data	25	24a9e039-79d0-4026-8824-0d061c2b21ee	naGana eliodi meninitibeci	Ela é muito feliz .		$.pages[0].sentences[24]	ffef8450-e302-4882-8306-e5998d31f584			2	2	eliodi	Q	1	muito		0						IP-MAT[l=0]|CP[l=1]				
hil-data	25	24a9e039-79d0-4026-8824-0d061c2b21ee	naGana eliodi meninitibeci	Ela é muito feliz .		$.pages[0].sentences[24]	ffef8450-e302-4882-8306-e5998d31f584			3	3	me@	C	1	que está feliz	"{""v"": ""meninitibeci"", ""t"": ""C+VB"", ""idx"": 0}"	2	me|ninitibeci	|	|	True|	|	IP-MAT[l=0]|CP[l=1]				
hil-data	25	24a9e039-79d0-4026-8824-0d061c2b21ee	naGana eliodi meninitibeci	Ela é muito feliz .		$.pages[0].sentences[24]	ffef8450-e302-4882-8306-e5998d31f584			4	4	@ninitibeci	VB	2		"{""idx"": 1}"	0						IP-MAT[l=0]|CP[l=1]|IP-SUB[l=2]				
hil-data	26	fba05264-0e3c-4248-8211-3ac87c64c2e6	DapicoGo	Ela é quente .		$.pages[0].sentences[25]	ffef8450-e302-4882-8306-e5998d31f584			1	1	DapicoGo	VB	0	(ser|estar)_quente		2	d|apicoGo	Inv|v	|(ser|estar)_quente	|	|	IP-MAT[l=0]				
hil-data	27	f9af3f8f-3b06-4756-8676-b5ffb2c24b44	DapipocoGo	Ela está quente .		$.pages[0].sentences[26]	ffef8450-e302-4882-8306-e5998d31f584			1	1	DapipocoGo	VB	0			0						IP-MAT[l=0]				
hil-data	28	fab37d81-bb9b-4e20-a8f5-3b3969ee86d1	libiniena	Ele está bonito .		$.pages[0].sentences[27]	ffef8450-e302-4882-8306-e5998d31f584			1	1	libiniena	N$	1	beleza		0						IP-MAT[l=0]|NP[l=1]				
hil-data	29	0b9bddcd-f6af-4281-80a9-cac2377d0af1	libinienigi	Ele é bonito.		$.pages[0].sentences[28]	ffef8450-e302-4882-8306-e5998d31f584			1	1	libinienigi	N$	1	beleza		4	l|binie|na|gi	Gen|n|Dim|Gnr	3|beleza||M	|||	|||	IP-MAT[l=0]|NP[l=1]				
hil-data	30	38c689d8-332d-4406-b236-de4593e4853a	DapicoGo	Ele é quente .		$.pages[0].sentences[29]	ffef8450-e302-4882-8306-e5998d31f584			1	1	DapicoGo	VB	0	(ser|estar)_quente		2	d|apicoGo	Inv|v	|(ser|estar)_quente	|	|	IP-MAT[l=0]				
hil-data	31	ea70209d-4f3c-4bf9-8d93-2d91fa0f928c	DapicoGo	Ele está quente .		$.pages[0].sentences[30]	ffef8450-e302-4882-8306-e5998d31f584			1	1	DapicoGo	VB	0	(ser|estar)_quente		2	d|apicoGo	Inv|v	|(ser|estar)_quente	|	|	IP-MAT[l=0]				
hil-data	32	4aed8aa8-bd36-4940-8020-8ba12122304e	Ninitibigiwaji .	Eles são felizes .		$.pages[0].sentences[31]	ffef8450-e302-4882-8306-e5998d31f584			1	1	Ninitibigiwaji	N	1			3	nini|tibigi|waji	|Dir|Coll	||	||	||	IP-MAT[l=0]|NP[l=1]				
hil-data	32	4aed8aa8-bd36-4940-8020-8ba12122304e	Ninitibigiwaji .	Eles são felizes .		$.pages[0].sentences[31]	ffef8450-e302-4882-8306-e5998d31f584			2	2	.	PUNC	0			0						IP-MAT[l=0]				
hil-data	33	3a27c7c6-ecd6-45c0-a71e-b4aa2a242a3d	NiGida lodajo lodawa aidei dineigi	Esta faca da esposa dela não está na casa .		$.pages[0].sentences[32]	ffef8450-e302-4882-8306-e5998d31f584			1	1	NiGida	D	1	este		3	niG|i|da	Dem|Gnr|Ncl	||	||	||	IP-MAT[l=0]|NP[l=1]				
hil-data	33	3a27c7c6-ecd6-45c0-a71e-b4aa2a242a3d	NiGida lodajo lodawa aidei dineigi	Esta faca da esposa dela não está na casa .		$.pages[0].sentences[32]	ffef8450-e302-4882-8306-e5998d31f584			2	2	lodajo	N$	1	faca		2	l|odajo	Gen|n	|	|	|	IP-MAT[l=0]|NP[l=1]				
hil-data	33	3a27c7c6-ecd6-45c0-a71e-b4aa2a242a3d	NiGida lodajo lodawa aidei dineigi	Esta faca da esposa dela não está na casa .		$.pages[0].sentences[32]	ffef8450-e302-4882-8306-e5998d31f584			3	3	lodawa	N$	1	esposa		0						IP-MAT[l=0]|NP[l=1]				
hil-data	33	3a27c7c6-ecd6-45c0-a71e-b4aa2a242a3d	NiGida lodajo lodawa aidei dineigi	Esta faca da esposa dela não está na casa .		$.pages[0].sentences[32]	ffef8450-e302-4882-8306-e5998d31f584			4	4	aG@	NEG	0	não fica	"{""v"": ""aidei"", ""t"": ""NEG+VB"", ""idx"": 0}"	2	aG|idei	Neg|v	|	True|	|	IP-MAT[l=0]				
hil-data	33	3a27c7c6-ecd6-45c0-a71e-b4aa2a242a3d	NiGida lodajo lodawa aidei dineigi	Esta faca da esposa dela não está na casa .		$.pages[0].sentences[32]	ffef8450-e302-4882-8306-e5998d31f584			5	5	@idei	VB	0		"{""idx"": 1}"	0						IP-MAT[l=0]				
hil-data	33	3a27c7c6-ecd6-45c0-a71e-b4aa2a242a3d	NiGida lodajo lodawa aidei dineigi	Esta faca da esposa dela não está na casa .		$.pages[0].sentences[32]	ffef8450-e302-4882-8306-e5998d31f584			6	6	dineigi	N	1	casa		0						IP-MAT[l=0]|NP[l=1]				
hil-data	34	64f2c803-b436-4202-b4c7-acf5c7205bc3	liwigo niganigawanigi libinienigi	Esta fotografia da criança é bonita .		$.pages[0].sentences[33]	ffef8450-e302-4882-8306-e5998d31f584			1	1	liwigo	N$	1	sua fotografia		2	l|wigo	Gen|n	3|espírito/fotografia	|	|	IP-MAT[l=0]|NP-SBJ[l=1]				
hil-data	34	64f2c803-b436-4202-b4c7-acf5c7205bc3	liwigo niganigawanigi libinienigi	Esta fotografia da criança é bonita .		$.pages[0].sentences[33]	ffef8450-e302-4882-8306-e5998d31f584			2	2	niganigawanigi	N	1	meninos		0						IP-MAT[l=0]|NP-SBJ[l=1]				
hil-data	34	64f2c803-b436-4202-b4c7-acf5c7205bc3	liwigo niganigawanigi libinienigi	Esta fotografia da criança é bonita .		$.pages[0].sentences[33]	ffef8450-e302-4882-8306-e5998d31f584			3	3	libinienigi	N$	1	bonito		3	l|ibinie|nigi	Gen|n|Dim	||masc	||	||	IP-MAT[l=0]|NP-PRD[l=1]				
hil-data	35	8bad7bc3-f82f-46c0-9e63-c780104b11e2	naGani wetiGa eliodi me iwaGadi	Esta pedra está muito pesada .		$.pages[0].sentences[34]	ffef8450-e302-4882-8306-e5998d31f584			1	1	naGani	D	1	aquela		0						IP-MAT[l=0]|NP[l=1]				
hil-data	35	8bad7bc3-f82f-46c0-9e63-c780104b11e2	naGani wetiGa eliodi me iwaGadi	Esta pedra está muito pesada .		$.pages[0].sentences[34]	ffef8450-e302-4882-8306-e5998d31f584			2	2	wetiGa	N	1	pedra		0						IP-MAT[l=0]|NP[l=1]				
hil-data	35	8bad7bc3-f82f-46c0-9e63-c780104b11e2	naGani wetiGa eliodi me iwaGadi	Esta pedra está muito pesada .		$.pages[0].sentences[34]	ffef8450-e302-4882-8306-e5998d31f584			3	3	eliodi	Q	1	muito		0						IP-MAT[l=0]|CP[l=1]				
hil-data	35	8bad7bc3-f82f-46c0-9e63-c780104b11e2	naGani wetiGa eliodi me iwaGadi	Esta pedra está muito pesada .		$.pages[0].sentences[34]	ffef8450-e302-4882-8306-e5998d31f584			4	4	me	C	1	que		0						IP-MAT[l=0]|CP[l=1]				
hil-data	35	8bad7bc3-f82f-46c0-9e63-c780104b11e2	naGani wetiGa eliodi me iwaGadi	Esta pedra está muito pesada .		$.pages[0].sentences[34]	ffef8450-e302-4882-8306-e5998d31f584			5	5	iwaGadi	VB	2	pesa		2	i|waGadi	Erg|v	3|(ser|estar)_pesad(o|a)	|	|	IP-MAT[l=0]|CP[l=1]|IP-SUB[l=2]				
hil-data	36	768a3635-dcaf-4210-b236-73568abadbdb	NaGani wetiGa iwaGadi	Esta pedra está pesada .		$.pages[0].sentences[35]	ffef8450-e302-4882-8306-e5998d31f584			1	1	NaGani	D	1	aquela		0						IP-MAT[l=0]|NP[l=1]				
hil-data	36	768a3635-dcaf-4210-b236-73568abadbdb	NaGani wetiGa iwaGadi	Esta pedra está pesada .		$.pages[0].sentences[35]	ffef8450-e302-4882-8306-e5998d31f584			2	2	wetiGa	N	1	pedra		0						IP-MAT[l=0]|NP[l=1]				
hil-data	36	768a3635-dcaf-4210-b236-73568abadbdb	NaGani wetiGa iwaGadi	Esta pedra está pesada .		$.pages[0].sentences[35]	ffef8450-e302-4882-8306-e5998d31f584			3	3	iwaGadi	VB	0	(é|está)_pesad(o|a)		2	i|waGadi	Erg|v	3|(ser|estar)_pesad(o|a)	|	|	IP-MAT[l=0]				
hil-data	37	e5f90fbc-14e8-4c6f-9e07-61fbf67d042f	NiGinoa wetiadi iwaGadi	Estas pedras estão pesadas .		$.pages[0].sentences[36]	ffef8450-e302-4882-8306-e5998d31f584			1	1	NiGinoa	D	1	esses		4	nG|i|na|wa	Anf|Gnr|Ncl|Plu	|M|vindo|PL	|||	|||	IP-MAT[l=0]|NP[l=1]				
hil-data	37	e5f90fbc-14e8-4c6f-9e07-61fbf67d042f	NiGinoa wetiadi iwaGadi	Estas pedras estão pesadas .		$.pages[0].sentences[36]	ffef8450-e302-4882-8306-e5998d31f584			2	2	wetiadi	N	1	pedras		2	wetiGa|di	n|Plu	pedra|PL	|	|	IP-MAT[l=0]|NP[l=1]				
hil-data	37	e5f90fbc-14e8-4c6f-9e07-61fbf67d042f	NiGinoa wetiadi iwaGadi	Estas pedras estão pesadas .		$.pages[0].sentences[36]	ffef8450-e302-4882-8306-e5998d31f584			3	3	iwaGadi	VB	0	pesa		2	i|waGadi	Erg|v	3|(ser|estar)_pesad(o|a)	|	|	IP-MAT[l=0]				
hil-data	38	f4b854f9-c3c6-4e88-8a9b-ca73fcba8d46	NaGani wetiGa iwaGadi	Esta pedra é pesada .		$.pages[0].sentences[37]	ffef8450-e302-4882-8306-e5998d31f584			1	1	NaGani	D	1	aquela		0						IP-MAT[l=0]|NP[l=1]				
hil-data	38	f4b854f9-c3c6-4e88-8a9b-ca73fcba8d46	NaGani wetiGa iwaGadi	Esta pedra é pesada .		$.pages[0].sentences[37]	ffef8450-e302-4882-8306-e5998d31f584			2	2	wetiGa	N	1	pedra		0						IP-MAT[l=0]|NP[l=1]				
hil-data	38	f4b854f9-c3c6-4e88-8a9b-ca73fcba8d46	NaGani wetiGa iwaGadi	Esta pedra é pesada .		$.pages[0].sentences[37]	ffef8450-e302-4882-8306-e5998d31f584			3	3	iwaGadi	VB	0	(é|está)_pesad(o|a)		2	i|waGadi	Erg|v	3|(ser|estar)_pesad(o|a)	|	|	IP-MAT[l=0]				
hil-data	39	38f73c1c-ddfb-4153-9310-d24214cd68e7	NaGani wetiGa ane iwaGadi eniteloco iGonagi	Esta pedra que é pesada caiu no meu pé .		$.pages[0].sentences[38]	ffef8450-e302-4882-8306-e5998d31f584			1	1	NaGani	D	1	aquela		0						IP-MAT[l=0]|NP[l=1]				
hil-data	39	38f73c1c-ddfb-4153-9310-d24214cd68e7	NaGani wetiGa ane iwaGadi eniteloco iGonagi	Esta pedra que é pesada caiu no meu pé .		$.pages[0].sentences[38]	ffef8450-e302-4882-8306-e5998d31f584			2	2	wetiGa	N	1	pedra		0						IP-MAT[l=0]|NP[l=1]				
hil-data	39	38f73c1c-ddfb-4153-9310-d24214cd68e7	NaGani wetiGa ane iwaGadi eniteloco iGonagi	Esta pedra que é pesada caiu no meu pé .		$.pages[0].sentences[38]	ffef8450-e302-4882-8306-e5998d31f584			3	3	ane	WPRO	3	que		0						IP-MAT[l=0]|NP[l=1]|CP-REL[l=2]|WNP[l=3]				
hil-data	39	38f73c1c-ddfb-4153-9310-d24214cd68e7	NaGani wetiGa ane iwaGadi eniteloco iGonagi	Esta pedra que é pesada caiu no meu pé .		$.pages[0].sentences[38]	ffef8450-e302-4882-8306-e5998d31f584			4	4	*T*		4			0						IP-MAT[l=0]|NP[l=1]|CP-REL[l=2]|IP-SUB[l=3]|NP-TRACE[l=4]				
hil-data	39	38f73c1c-ddfb-4153-9310-d24214cd68e7	NaGani wetiGa ane iwaGadi eniteloco iGonagi	Esta pedra que é pesada caiu no meu pé .		$.pages[0].sentences[38]	ffef8450-e302-4882-8306-e5998d31f584			5	5	iwaGadi	VB	3	pesa		2	i|waGadi	Erg|v	3|(ser|estar)_pesad(o|a)	|	|	IP-MAT[l=0]|NP[l=1]|CP-REL[l=2]|IP-SUB[l=3]				
hil-data	39	38f73c1c-ddfb-4153-9310-d24214cd68e7	NaGani wetiGa ane iwaGadi eniteloco iGonagi	Esta pedra que é pesada caiu no meu pé .		$.pages[0].sentences[38]	ffef8450-e302-4882-8306-e5998d31f584			6	6	eniteloco	VBAPL	0	cair em		3	j|ani|teloco	Erg|v|Apl	1||3	||	||	IP-MAT[l=0]				
hil-data	39	38f73c1c-ddfb-4153-9310-d24214cd68e7	NaGani wetiGa ane iwaGadi eniteloco iGonagi	Esta pedra que é pesada caiu no meu pé .		$.pages[0].sentences[38]	ffef8450-e302-4882-8306-e5998d31f584			7	7	iGonagi	N$	1	meu pé		2	i|Gonagi	Gen|n	1|pé	|	|	IP-MAT[l=0]|NP-APL[l=1]				
hil-data	40	e1bcbfa4-89e4-4d25-8d84-bc9ed0b2f7e4	NaGani wetiGa ane iwaGadi iGonagi	Esta pedra , que é pesada , caiu no meu pé .		$.pages[0].sentences[39]	ffef8450-e302-4882-8306-e5998d31f584			1	1	NaGani	D	1	aquela		0						IP-MAT[l=0]|NP[l=1]				
hil-data	40	e1bcbfa4-89e4-4d25-8d84-bc9ed0b2f7e4	NaGani wetiGa ane iwaGadi iGonagi	Esta pedra , que é pesada , caiu no meu pé .		$.pages[0].sentences[39]	ffef8450-e302-4882-8306-e5998d31f584			2	2	wetiGa	N	1	pedra		0						IP-MAT[l=0]|NP[l=1]				
hil-data	40	e1bcbfa4-89e4-4d25-8d84-bc9ed0b2f7e4	NaGani wetiGa ane iwaGadi iGonagi	Esta pedra , que é pesada , caiu no meu pé .		$.pages[0].sentences[39]	ffef8450-e302-4882-8306-e5998d31f584			3	3	ane	WPRO	3	que 		0						IP-MAT[l=0]|NP[l=1]|CP-REL[l=2]|WNP[l=3]				
hil-data	40	e1bcbfa4-89e4-4d25-8d84-bc9ed0b2f7e4	NaGani wetiGa ane iwaGadi iGonagi	Esta pedra , que é pesada , caiu no meu pé .		$.pages[0].sentences[39]	ffef8450-e302-4882-8306-e5998d31f584			4	4	*T*		4			0						IP-MAT[l=0]|NP[l=1]|CP-REL[l=2]|IP-SUB[l=3]|NP-TRACE[l=4]				
hil-data	40	e1bcbfa4-89e4-4d25-8d84-bc9ed0b2f7e4	NaGani wetiGa ane iwaGadi iGonagi	Esta pedra , que é pesada , caiu no meu pé .		$.pages[0].sentences[39]	ffef8450-e302-4882-8306-e5998d31f584			5	5	iwaGadi	VB	3	pesa		2	i|waGadi	Erg|v	3|(ser|estar)_pesad(o|a)	|	|	IP-MAT[l=0]|NP[l=1]|CP-REL[l=2]|IP-SUB[l=3]				
hil-data	40	e1bcbfa4-89e4-4d25-8d84-bc9ed0b2f7e4	NaGani wetiGa ane iwaGadi iGonagi	Esta pedra , que é pesada , caiu no meu pé .		$.pages[0].sentences[39]	ffef8450-e302-4882-8306-e5998d31f584			6	6	iGonagi	N$	4			2	i|Gonagi	Gen|n	1|pé	|	|	IP-MAT[l=0]|NP[l=1]|CP-REL[l=2]|IP-SUB[l=3]|NP[l=4]				
hil-data	41	8dda04f0-f7e8-46d6-b41d-b65dd214f01b	NiGidoa waca lotiidi dapicoGo	Este leite está quente .		$.pages[0].sentences[40]	ffef8450-e302-4882-8306-e5998d31f584			1	1	NiGidoa	D	1	este		4	nG|i|da|wa	Anf|Gnr|Ncl|Plu	||em_pé|PL	|||	|||	IP-MAT[l=0]|NP[l=1]				
hil-data	41	8dda04f0-f7e8-46d6-b41d-b65dd214f01b	NiGidoa waca lotiidi dapicoGo	Este leite está quente .		$.pages[0].sentences[40]	ffef8450-e302-4882-8306-e5998d31f584			2	2	waca	N	2	vaca		1	waca	n	vaca			IP-MAT[l=0]|NP[l=1]|NP[l=2]				
hil-data	41	8dda04f0-f7e8-46d6-b41d-b65dd214f01b	NiGidoa waca lotiidi dapicoGo	Este leite está quente .		$.pages[0].sentences[40]	ffef8450-e302-4882-8306-e5998d31f584			3	3	lotiidi	N$	1	leite del(e|a)		2	l|otiidi	Gen|n	3|leite	|	|	IP-MAT[l=0]|NP[l=1]				
hil-data	41	8dda04f0-f7e8-46d6-b41d-b65dd214f01b	NiGidoa waca lotiidi dapicoGo	Este leite está quente .		$.pages[0].sentences[40]	ffef8450-e302-4882-8306-e5998d31f584			4	4	dapicoGo	VB	0	(ser|estar)_quente		2	d|apicoGo	Inv|v	|(ser|estar)_quente	|	|	IP-MAT[l=0]				
hil-data	42	79cb0e55-9c06-4cb1-91b3-2b5233e1678f	nigidiwa okokodi ligetedi midi niwigo libinienaGa	Estes ovos da fotografia dela estão bonitos .		$.pages[0].sentences[41]	ffef8450-e302-4882-8306-e5998d31f584			1	1	nigidiwa	D	1	aqueles		0						IP-MAT[l=0]|NP-SBJ[l=1]				
hil-data	42	79cb0e55-9c06-4cb1-91b3-2b5233e1678f	nigidiwa okokodi ligetedi midi niwigo libinienaGa	Estes ovos da fotografia dela estão bonitos .		$.pages[0].sentences[41]	ffef8450-e302-4882-8306-e5998d31f584			2	2	okokodi	N	2	galinha		0						IP-MAT[l=0]|NP-SBJ[l=1]|NP[l=2]				
hil-data	42	79cb0e55-9c06-4cb1-91b3-2b5233e1678f	nigidiwa okokodi ligetedi midi niwigo libinienaGa	Estes ovos da fotografia dela estão bonitos .		$.pages[0].sentences[41]	ffef8450-e302-4882-8306-e5998d31f584			3	3	ligetedi	N$	1	ovo		3	l|getegi|tedi	Gen|n|Plu	3|ovo|PL	||	||	IP-MAT[l=0]|NP-SBJ[l=1]				
hil-data	42	79cb0e55-9c06-4cb1-91b3-2b5233e1678f	nigidiwa okokodi ligetedi midi niwigo libinienaGa	Estes ovos da fotografia dela estão bonitos .		$.pages[0].sentences[41]	ffef8450-e302-4882-8306-e5998d31f584			4	4	me@	C	1	para os	"{""v"": ""midi"", ""t"": ""C+D"", ""idx"": 0}"	3	me|i|di	||	||	True||	||	IP-MAT[l=0]|CP-me[l=1]				
hil-data	42	79cb0e55-9c06-4cb1-91b3-2b5233e1678f	nigidiwa okokodi ligetedi midi niwigo libinienaGa	Estes ovos da fotografia dela estão bonitos .		$.pages[0].sentences[41]	ffef8450-e302-4882-8306-e5998d31f584			5	5	@idi	D	3		"{""idx"": 1}"	0						IP-MAT[l=0]|CP-me[l=1]|IP-SUB[l=2]|NP[l=3]				
hil-data	42	79cb0e55-9c06-4cb1-91b3-2b5233e1678f	nigidiwa okokodi ligetedi midi niwigo libinienaGa	Estes ovos da fotografia dela estão bonitos .		$.pages[0].sentences[41]	ffef8450-e302-4882-8306-e5998d31f584			6	6	niwigo	N	4	fotografia		2	n|wigo	Ant|n	|espírito/fotografia	|	|	IP-MAT[l=0]|CP-me[l=1]|IP-SUB[l=2]|NP[l=3]|NP[l=4]				
hil-data	42	79cb0e55-9c06-4cb1-91b3-2b5233e1678f	nigidiwa okokodi ligetedi midi niwigo libinienaGa	Estes ovos da fotografia dela estão bonitos .		$.pages[0].sentences[41]	ffef8450-e302-4882-8306-e5998d31f584			7	7	libinienaGa	N$	3	bonitas		4	l|binie|na|Ga	Gen|n|Dim|Plu	3|beleza||PL	|||	|||	IP-MAT[l=0]|CP-me[l=1]|IP-SUB[l=2]|NP[l=3]				
hil-data	43	a74fea0a-dd87-4c4d-8670-9db66f5b5b16	nigidiwa okokodi ligetedi liwigo libinienaGa	Estes ovos da fotografia estão bonitos .		$.pages[0].sentences[42]	ffef8450-e302-4882-8306-e5998d31f584			1	1	nigidiwa	D	1			0						IP-MAT[l=0]|NP-SBJ[l=1]				
hil-data	43	a74fea0a-dd87-4c4d-8670-9db66f5b5b16	nigidiwa okokodi ligetedi liwigo libinienaGa	Estes ovos da fotografia estão bonitos .		$.pages[0].sentences[42]	ffef8450-e302-4882-8306-e5998d31f584			2	2	okokodi	N	2	galinha		0						IP-MAT[l=0]|NP-SBJ[l=1]|NP[l=2]				
hil-data	43	a74fea0a-dd87-4c4d-8670-9db66f5b5b16	nigidiwa okokodi ligetedi liwigo libinienaGa	Estes ovos da fotografia estão bonitos .		$.pages[0].sentences[42]	ffef8450-e302-4882-8306-e5998d31f584			3	3	ligetedi	N$	1	ovos		3	l|getegi|tedi	Gen|n|Plu	3|ovo|PL	||	||	IP-MAT[l=0]|NP-SBJ[l=1]				
hil-data	43	a74fea0a-dd87-4c4d-8670-9db66f5b5b16	nigidiwa okokodi ligetedi liwigo libinienaGa	Estes ovos da fotografia estão bonitos .		$.pages[0].sentences[42]	ffef8450-e302-4882-8306-e5998d31f584			4	4	liwigo	N$	1	espírito/fotografia dele/a(s)		2	l|wigo	Gen|n	3|espírito/fotografia	|	|	IP-MAT[l=0]|NP-SBJ[l=1]				
hil-data	43	a74fea0a-dd87-4c4d-8670-9db66f5b5b16	nigidiwa okokodi ligetedi liwigo libinienaGa	Estes ovos da fotografia estão bonitos .		$.pages[0].sentences[42]	ffef8450-e302-4882-8306-e5998d31f584			5	5	libinienaGa	N$	1	bonitas		4	l|binie|na|Ga	Gen|n|Dim|Plu	3|beleza||PL	|||	|||	IP-MAT[l=0]|NP-PRD[l=1]				
hil-data	44	83fdcd4c-338f-4a9f-8545-da8539e67e9d	Nigidiwa noGojedi lixagotaGaGa adakake lojedi	Estes peixes vermelhos estão baratos .		$.pages[0].sentences[43]	ffef8450-e302-4882-8306-e5998d31f584			1	1	Nigidiwa	D	1			0						IP-MAT[l=0]|NP-SBJ[l=1]				
hil-data	44	83fdcd4c-338f-4a9f-8545-da8539e67e9d	Nigidiwa noGojedi lixagotaGaGa adakake lojedi	Estes peixes vermelhos estão baratos .		$.pages[0].sentences[43]	ffef8450-e302-4882-8306-e5998d31f584			2	2	noGojedi	N	2	peixe		0						IP-MAT[l=0]|NP-SBJ[l=1]|NP[l=2]				
hil-data	44	83fdcd4c-338f-4a9f-8545-da8539e67e9d	Nigidiwa noGojedi lixagotaGaGa adakake lojedi	Estes peixes vermelhos estão baratos .		$.pages[0].sentences[43]	ffef8450-e302-4882-8306-e5998d31f584			3	3	lixagotaGaGa	N$	1	vermelho		4	l|ixagodi|taGa|Ga	Gen|v|Der|Gnr	|||	|||	|||	IP-MAT[l=0]|NP-SBJ[l=1]				
hil-data	44	83fdcd4c-338f-4a9f-8545-da8539e67e9d	Nigidiwa noGojedi lixagotaGaGa adakake lojedi	Estes peixes vermelhos estão baratos .		$.pages[0].sentences[43]	ffef8450-e302-4882-8306-e5998d31f584			4	4	adakake	NEG+ADJ	0	não duro		2	aG|akake	|Adj	|	True|	|	IP-MAT[l=0]				
hil-data	44	83fdcd4c-338f-4a9f-8545-da8539e67e9d	Nigidiwa noGojedi lixagotaGaGa adakake lojedi	Estes peixes vermelhos estão baratos .		$.pages[0].sentences[43]	ffef8450-e302-4882-8306-e5998d31f584			5	5	lojedi	N$	1	vingança		2	l|ojedi	|	|	|	|	IP-MAT[l=0]|NP-PRD[l=1]				
hil-data	45	07bfcd00-7901-474d-bfb8-bf470266aafa	Ee ite ee ina	Eu estou aqui .		$.pages[0].sentences[44]	ffef8450-e302-4882-8306-e5998d31f584			1	1	Ee	PRO	3	eu		2	ejin|aGa	v|Plu	|	|	|	IP-MAT[l=0]|NP[l=1]|IP[l=2]|NP[l=3]				
hil-data	45	07bfcd00-7901-474d-bfb8-bf470266aafa	Ee ite ee ina	Eu estou aqui .		$.pages[0].sentences[44]	ffef8450-e302-4882-8306-e5998d31f584			2	2	ite	VB	2			0						IP-MAT[l=0]|NP[l=1]|IP[l=2]				
hil-data	45	07bfcd00-7901-474d-bfb8-bf470266aafa	Ee ite ee ina	Eu estou aqui .		$.pages[0].sentences[44]	ffef8450-e302-4882-8306-e5998d31f584			3	3	ee	PRO	3	eu		0						IP-MAT[l=0]|NP[l=1]|IP[l=2]|NP[l=3]				
hil-data	45	07bfcd00-7901-474d-bfb8-bf470266aafa	Ee ite ee ina	Eu estou aqui .		$.pages[0].sentences[44]	ffef8450-e302-4882-8306-e5998d31f584			4	4	ina	D	1	ele		2	i|na	Gnr|Ncl	masc|vindo	|	|	IP-MAT[l=0]|NP[l=1]				
hil-data	46	42671da9-e433-4319-86a0-2a2cb8777a40	Ite ee madataGa	Eu estou com ela .		$.pages[0].sentences[45]	ffef8450-e302-4882-8306-e5998d31f584			1	1	Ite	VB	2			0						IP-MAT[l=0]|CP-me[l=1]|IP-SUB[l=2]				
hil-data	46	42671da9-e433-4319-86a0-2a2cb8777a40	Ite ee madataGa	Eu estou com ela .		$.pages[0].sentences[45]	ffef8450-e302-4882-8306-e5998d31f584			2	2	ee	PRO	3	eu		0						IP-MAT[l=0]|CP-me[l=1]|IP-SUB[l=2]|NP[l=3]				
hil-data	46	42671da9-e433-4319-86a0-2a2cb8777a40	Ite ee madataGa	Eu estou com ela .		$.pages[0].sentences[45]	ffef8450-e302-4882-8306-e5998d31f584			3	3	me@	C	1	com ela	"{""v"": ""madataGa"", ""t"": ""C+DAPL"", ""idx"": 0}"	2	me|adataGa	|	|	True|	|	IP-MAT[l=0]|CP-me[l=1]				
hil-data	46	42671da9-e433-4319-86a0-2a2cb8777a40	Ite ee madataGa	Eu estou com ela .		$.pages[0].sentences[45]	ffef8450-e302-4882-8306-e5998d31f584			4	4	@adataGa	DAPL	3		"{""idx"": 1}"	0						IP-MAT[l=0]|CP-me[l=1]|IP-SUB[l=2]|NP[l=3]				
hil-data	47	e58e38a7-f117-48f1-8a17-9d896867fe60	Ite ee midataGa	Eu estou com ele .		$.pages[0].sentences[46]	ffef8450-e302-4882-8306-e5998d31f584			1	1	Ite	VB	2			0						IP-MAT[l=0]|CP-me[l=1]|IP-SUB[l=2]				
hil-data	47	e58e38a7-f117-48f1-8a17-9d896867fe60	Ite ee midataGa	Eu estou com ele .		$.pages[0].sentences[46]	ffef8450-e302-4882-8306-e5998d31f584			2	2	ee	PRO	3	eu		0						IP-MAT[l=0]|CP-me[l=1]|IP-SUB[l=2]|NP[l=3]				
hil-data	47	e58e38a7-f117-48f1-8a17-9d896867fe60	Ite ee midataGa	Eu estou com ele .		$.pages[0].sentences[46]	ffef8450-e302-4882-8306-e5998d31f584			3	3	me@	C	1		"{""v"": ""midataGa"", ""t"": ""C+DAPL"", ""idx"": 0}"	2	me|idataGa	|	|	True|	|	IP-MAT[l=0]|CP-me[l=1]				
hil-data	47	e58e38a7-f117-48f1-8a17-9d896867fe60	Ite ee midataGa	Eu estou com ele .		$.pages[0].sentences[46]	ffef8450-e302-4882-8306-e5998d31f584			4	4	@idataGa	DAPL	3		"{""idx"": 1}"	0						IP-MAT[l=0]|CP-me[l=1]|IP-SUB[l=2]|NP[l=3]				
hil-data	48	4242d34b-9096-45a2-a666-502a2cb9ca49	Ee aidinitibeci .	Eu não estou feliz .		$.pages[0].sentences[47]	ffef8450-e302-4882-8306-e5998d31f584			1	1	Ee	PRO	1	eu		0						IP-MAT[l=0]|NP[l=1]				
hil-data	48	4242d34b-9096-45a2-a666-502a2cb9ca49	Ee aidinitibeci .	Eu não estou feliz .		$.pages[0].sentences[47]	ffef8450-e302-4882-8306-e5998d31f584			2	2	aG@	NEG	0		"{""v"": ""aidinitibeci"", ""t"": ""NEG+VB"", ""idx"": 0}"	2	aG|idinitibeci	|	|	True|	|	IP-MAT[l=0]				
hil-data	48	4242d34b-9096-45a2-a666-502a2cb9ca49	Ee aidinitibeci .	Eu não estou feliz .		$.pages[0].sentences[47]	ffef8450-e302-4882-8306-e5998d31f584			3	3	@idinitibeci	VB	0		"{""idx"": 1}"	0						IP-MAT[l=0]				
hil-data	48	4242d34b-9096-45a2-a666-502a2cb9ca49	Ee aidinitibeci .	Eu não estou feliz .		$.pages[0].sentences[47]	ffef8450-e302-4882-8306-e5998d31f584			4	4	.	PUNC	0			0						IP-MAT[l=0]				
hil-data	49	1e9df213-90da-4674-8889-4ac858df72fe	Ee ageliodi me idinitibeci	Eu não estou muito feliz .		$.pages[0].sentences[48]	ffef8450-e302-4882-8306-e5998d31f584			1	1	Ee	PRO	1	eu		0						IP-MAT[l=0]|NP[l=1]				
hil-data	49	1e9df213-90da-4674-8889-4ac858df72fe	Ee ageliodi me idinitibeci	Eu não estou muito feliz .		$.pages[0].sentences[48]	ffef8450-e302-4882-8306-e5998d31f584			2	2	aG@	NEG	0		"{""v"": ""ageliodi"", ""t"": ""NEG+Q"", ""idx"": 0}"	2	aG|eliodi	|	|	True|	|	IP-MAT[l=0]				
hil-data	49	1e9df213-90da-4674-8889-4ac858df72fe	Ee ageliodi me idinitibeci	Eu não estou muito feliz .		$.pages[0].sentences[48]	ffef8450-e302-4882-8306-e5998d31f584			3	3	@eliodi	Q	1		"{""idx"": 1}"	0						IP-MAT[l=0]|CP[l=1]				
hil-data	49	1e9df213-90da-4674-8889-4ac858df72fe	Ee ageliodi me idinitibeci	Eu não estou muito feliz .		$.pages[0].sentences[48]	ffef8450-e302-4882-8306-e5998d31f584			4	4	me	C	1	que		0						IP-MAT[l=0]|CP[l=1]				
hil-data	49	1e9df213-90da-4674-8889-4ac858df72fe	Ee ageliodi me idinitibeci	Eu não estou muito feliz .		$.pages[0].sentences[48]	ffef8450-e302-4882-8306-e5998d31f584			5	5	idinitibeci	VB	2	alegrar-se		4	i|d|ini|tibeci	||v|	|||	|||	|||	IP-MAT[l=0]|CP[l=1]|IP-SUB[l=2]				
hil-data	50	c4302bef-3de9-4f3c-b762-f6b77183f263	Ee ajipegitege	Eu não estou perto dela .		$.pages[0].sentences[49]	ffef8450-e302-4882-8306-e5998d31f584			1	1	Ee	PRO	1	eu		0						IP-MAT[l=0]|NP[l=1]				
hil-data	50	c4302bef-3de9-4f3c-b762-f6b77183f263	Ee ajipegitege	Eu não estou perto dela .		$.pages[0].sentences[49]	ffef8450-e302-4882-8306-e5998d31f584			2	2	aG@	NEG	0		"{""v"": ""ajipegitege"", ""t"": ""NEG+VBAPL"", ""idx"": 0}"	4	aG|ji|pegi|tege	|||	|||	True|||	|||	IP-MAT[l=0]				
hil-data	50	c4302bef-3de9-4f3c-b762-f6b77183f263	Ee ajipegitege	Eu não estou perto dela .		$.pages[0].sentences[49]	ffef8450-e302-4882-8306-e5998d31f584			3	3	@jipegitege	VBAPL	0		"{""idx"": 1}"	0						IP-MAT[l=0]				
hil-data	51	5bc48b27-0755-475f-813e-7a259f3c3c9e	Ee ajipegitege	Eu não estou perto dele .		$.pages[0].sentences[50]	ffef8450-e302-4882-8306-e5998d31f584			1	1	Ee	PRO	1	eu		0						IP-MAT[l=0]|NP[l=1]				
hil-data	51	5bc48b27-0755-475f-813e-7a259f3c3c9e	Ee ajipegitege	Eu não estou perto dele .		$.pages[0].sentences[50]	ffef8450-e302-4882-8306-e5998d31f584			2	2	aG@	NEG	0		"{""v"": ""ajipegitege"", ""t"": ""NEG+VBAPL"", ""idx"": 0}"	4	aG|ji|pegi|tege	|||	|||	True|||	|||	IP-MAT[l=0]				
hil-data	51	5bc48b27-0755-475f-813e-7a259f3c3c9e	Ee ajipegitege	Eu não estou perto dele .		$.pages[0].sentences[50]	ffef8450-e302-4882-8306-e5998d31f584			3	3	@jipegitege	VBAPL	0		"{""idx"": 1}"	0						IP-MAT[l=0]				
hil-data	52	1e1fafc0-29c6-41d4-a0d2-4c825d9af376	ee idiwaGadi	Eu sou pesado .		$.pages[0].sentences[51]	ffef8450-e302-4882-8306-e5998d31f584			1	1	ee	PRO	1	eu		0						IP-MAT[l=0]|NP[l=1]				
hil-data	52	1e1fafc0-29c6-41d4-a0d2-4c825d9af376	ee idiwaGadi	Eu sou pesado .		$.pages[0].sentences[51]	ffef8450-e302-4882-8306-e5998d31f584			2	2	idiwaGadi	VB	0			3	i|d|iwaGadi	||	||	||	||	IP-MAT[l=0]				
hil-data	53	71aff593-7b38-4c17-9563-4503985dbd03	jipegitege	Estou perto dela .		$.pages[0].sentences[52]	ffef8450-e302-4882-8306-e5998d31f584			1	1	jipegitege	VBAPL	0			0						IP-MAT[l=0]				
hil-data	54	f4f18c18-728c-4d6b-b7dd-2df62c4a829a	jipegitege	Estou perto dele .		$.pages[0].sentences[53]	ffef8450-e302-4882-8306-e5998d31f584			1	1	jipegitege	VBAPL	0			0						IP-MAT[l=0]				
hil-data	55	90ca38d8-e063-4c98-af51-4b9022ade506	aGeliodi me idinitibeci .	Não sou muito feliz .		$.pages[0].sentences[54]	ffef8450-e302-4882-8306-e5998d31f584			1	1	aG@	NEG	0		"{""v"": ""aGeliodi"", ""t"": ""NEG+Q"", ""idx"": 0}"	2	aG|eliodi	|	|	True|	|	IP-MAT[l=0]				
hil-data	55	90ca38d8-e063-4c98-af51-4b9022ade506	aGeliodi me idinitibeci .	Não sou muito feliz .		$.pages[0].sentences[54]	ffef8450-e302-4882-8306-e5998d31f584			2	2	@eliodi	Q	1		"{""idx"": 1}"	0						IP-MAT[l=0]|CP[l=1]				
hil-data	55	90ca38d8-e063-4c98-af51-4b9022ade506	aGeliodi me idinitibeci .	Não sou muito feliz .		$.pages[0].sentences[54]	ffef8450-e302-4882-8306-e5998d31f584			3	3	me	C	1	que		0						IP-MAT[l=0]|CP[l=1]				
hil-data	55	90ca38d8-e063-4c98-af51-4b9022ade506	aGeliodi me idinitibeci .	Não sou muito feliz .		$.pages[0].sentences[54]	ffef8450-e302-4882-8306-e5998d31f584			4	4	idinitibeci	VB	2	alegrar-se		4	i|d|ini|tibeci	||v|	|||	|||	|||	IP-MAT[l=0]|CP[l=1]|IP-SUB[l=2]				
hil-data	55	90ca38d8-e063-4c98-af51-4b9022ade506	aGeliodi me idinitibeci .	Não sou muito feliz .		$.pages[0].sentences[54]	ffef8450-e302-4882-8306-e5998d31f584			5	5	.	PUNC	0			0						IP-MAT[l=0]				
hil-data	56	82bfae64-45e7-403f-bcd0-190e00f4520f	jipecaGataGagi .	Nós estamos perto de você .		$.pages[0].sentences[55]	ffef8450-e302-4882-8306-e5998d31f584			1	1	jipecaGataGagi	VBAPL	0			0						IP-MAT[l=0]				
hil-data	56	82bfae64-45e7-403f-bcd0-190e00f4520f	jipecaGataGagi .	Nós estamos perto de você .		$.pages[0].sentences[55]	ffef8450-e302-4882-8306-e5998d31f584			2	2	.	PUNC	0			0						IP-MAT[l=0]				
hil-data	57	341bf09a-2ef8-455a-8b6b-88373c617dae	oko aidejonaGa midi Godoigi	Nós não estamos na comunidade .		$.pages[0].sentences[56]	ffef8450-e302-4882-8306-e5998d31f584			1	1	oko	N	1	pessoa		0						IP-MAT[l=0]|NP[l=1]				
hil-data	57	341bf09a-2ef8-455a-8b6b-88373c617dae	oko aidejonaGa midi Godoigi	Nós não estamos na comunidade .		$.pages[0].sentences[56]	ffef8450-e302-4882-8306-e5998d31f584			2	2	aG@	NEG	0	não ficamos	"{""v"": ""aidejonaGa"", ""t"": ""NEG+VB"", ""idx"": 0}"	5	aG|i|d|ejona|Ga	Neg|Abs|Inv|v|Plu	|1||ficar|	||||	||||	IP-MAT[l=0]				
hil-data	57	341bf09a-2ef8-455a-8b6b-88373c617dae	oko aidejonaGa midi Godoigi	Nós não estamos na comunidade .		$.pages[0].sentences[56]	ffef8450-e302-4882-8306-e5998d31f584			3	3	@idejonaGa	VB	0		"{""idx"": 1}"	0						IP-MAT[l=0]				
hil-data	57	341bf09a-2ef8-455a-8b6b-88373c617dae	oko aidejonaGa midi Godoigi	Nós não estamos na comunidade .		$.pages[0].sentences[56]	ffef8450-e302-4882-8306-e5998d31f584			4	4	me@	C	1	para os	"{""v"": ""midi"", ""t"": ""C+D"", ""idx"": 0}"	3	me|i|di	||	||	||	||	IP-MAT[l=0]|CP-me[l=1]				
hil-data	57	341bf09a-2ef8-455a-8b6b-88373c617dae	oko aidejonaGa midi Godoigi	Nós não estamos na comunidade .		$.pages[0].sentences[56]	ffef8450-e302-4882-8306-e5998d31f584			5	5	@idi	D	3		"{""idx"": 1}"	0						IP-MAT[l=0]|CP-me[l=1]|IP-SUB[l=2]|NP[l=3]				
hil-data	57	341bf09a-2ef8-455a-8b6b-88373c617dae	oko aidejonaGa midi Godoigi	Nós não estamos na comunidade .		$.pages[0].sentences[56]	ffef8450-e302-4882-8306-e5998d31f584			6	6	Godoigi	N$	3	nosso comunidade		0						IP-MAT[l=0]|CP-me[l=1]|IP-SUB[l=2]|NP[l=3]				
hil-data	58	9a136412-a636-4e5e-aa54-ac684ae7bed3	jipecaGataGagitiwaji .	Estamos perto de vocês .		$.pages[0].sentences[57]	ffef8450-e302-4882-8306-e5998d31f584			1	1	jipecaGataGagitiwaji	VBAPL	0			0						IP-MAT[l=0]				
hil-data	58	9a136412-a636-4e5e-aa54-ac684ae7bed3	jipecaGataGagitiwaji .	Estamos perto de vocês .		$.pages[0].sentences[57]	ffef8450-e302-4882-8306-e5998d31f584			2	2	.	PUNC	0			0						IP-MAT[l=0]				
hil-data	59	dff00f05-7be1-4d62-b3ed-b8a8870851e9	aidejonaGa midi Godoigi	Não estamos na comunidade.		$.pages[0].sentences[58]	ffef8450-e302-4882-8306-e5998d31f584			1	1	aG@	NEG	0	não ficamos	"{""v"": ""aidejonaGa"", ""t"": ""NEG+VB"", ""idx"": 0}"	5	aG|i|d|ejona|Ga	Neg|Abs|Inv|v|Plu	|1||ficar|	True||||	||||	IP-MAT[l=0]				
hil-data	59	dff00f05-7be1-4d62-b3ed-b8a8870851e9	aidejonaGa midi Godoigi	Não estamos na comunidade.		$.pages[0].sentences[58]	ffef8450-e302-4882-8306-e5998d31f584			2	2	@idejonaGa	VB	0		"{""idx"": 1}"	0						IP-MAT[l=0]				
hil-data	59	dff00f05-7be1-4d62-b3ed-b8a8870851e9	aidejonaGa midi Godoigi	Não estamos na comunidade.		$.pages[0].sentences[58]	ffef8450-e302-4882-8306-e5998d31f584			3	3	me@	C	1		"{""v"": ""midi"", ""t"": ""C+D"", ""idx"": 0}"	3	me|i|di	||	||	True||	||	IP-MAT[l=0]|CP-me[l=1]				
hil-data	59	dff00f05-7be1-4d62-b3ed-b8a8870851e9	aidejonaGa midi Godoigi	Não estamos na comunidade.		$.pages[0].sentences[58]	ffef8450-e302-4882-8306-e5998d31f584			4	4	@idi	D	3		"{""idx"": 1}"	0						IP-MAT[l=0]|CP-me[l=1]|IP-SUB[l=2]|NP[l=3]				
hil-data	59	dff00f05-7be1-4d62-b3ed-b8a8870851e9	aidejonaGa midi Godoigi	Não estamos na comunidade.		$.pages[0].sentences[58]	ffef8450-e302-4882-8306-e5998d31f584			5	5	Godoigi	N$	3	nossa comunidade		0						IP-MAT[l=0]|CP-me[l=1]|IP-SUB[l=2]|NP[l=3]				
hil-data	60	3ab5703a-eb5c-48d2-b75b-992da5e60dd6	niGijo nelokodi Maria idei midi akiidi	O avô da Maria está no rio .		$.pages[0].sentences[59]	ffef8450-e302-4882-8306-e5998d31f584			1	1	niGijo	D	1	esse		3	nG|i|jo	Anf|Gnr|Ncl	|M|indo	||	||	IP-MAT[l=0]|NP[l=1]				
hil-data	60	3ab5703a-eb5c-48d2-b75b-992da5e60dd6	niGijo nelokodi Maria idei midi akiidi	O avô da Maria está no rio .		$.pages[0].sentences[59]	ffef8450-e302-4882-8306-e5998d31f584			2	2	nelokodi	N$	1	avô del(e|a)		0						IP-MAT[l=0]|NP[l=1]				
hil-data	60	3ab5703a-eb5c-48d2-b75b-992da5e60dd6	niGijo nelokodi Maria idei midi akiidi	O avô da Maria está no rio .		$.pages[0].sentences[59]	ffef8450-e302-4882-8306-e5998d31f584			3	3	Maria	NPR	2			0						IP-MAT[l=0]|NP[l=1]|NP[l=2]				
hil-data	60	3ab5703a-eb5c-48d2-b75b-992da5e60dd6	niGijo nelokodi Maria idei midi akiidi	O avô da Maria está no rio .		$.pages[0].sentences[59]	ffef8450-e302-4882-8306-e5998d31f584			4	4	idei	VB	0	fica		2	i|dei	Erg|v	3|ficar(permanente)	|	|	IP-MAT[l=0]				
hil-data	60	3ab5703a-eb5c-48d2-b75b-992da5e60dd6	niGijo nelokodi Maria idei midi akiidi	O avô da Maria está no rio .		$.pages[0].sentences[59]	ffef8450-e302-4882-8306-e5998d31f584			5	5	me@	C	1	para os	"{""v"": ""midi"", ""t"": ""C+D"", ""idx"": 0}"	3	me|i|di	||	||	True||	||	IP-MAT[l=0]|CP-me[l=1]				
hil-data	60	3ab5703a-eb5c-48d2-b75b-992da5e60dd6	niGijo nelokodi Maria idei midi akiidi	O avô da Maria está no rio .		$.pages[0].sentences[59]	ffef8450-e302-4882-8306-e5998d31f584			6	6	@idi	D	3		"{""idx"": 1}"	0						IP-MAT[l=0]|CP-me[l=1]|IP-SUB[l=2]|NP[l=3]				
hil-data	60	3ab5703a-eb5c-48d2-b75b-992da5e60dd6	niGijo nelokodi Maria idei midi akiidi	O avô da Maria está no rio .		$.pages[0].sentences[59]	ffef8450-e302-4882-8306-e5998d31f584			7	7	akiidi	N	3			0						IP-MAT[l=0]|CP-me[l=1]|IP-SUB[l=2]|NP[l=3]				
hil-data	61	f0c7c722-031a-4c6e-ad7e-739402475c99	NiGijo bijo dapicoGo	O beiju está quente .		$.pages[0].sentences[60]	ffef8450-e302-4882-8306-e5998d31f584			1	1	NiGijo	D	1	esse		3	nG|i|jo	Anf|Gnr|Ncl	|M|indo	||	||	IP-MAT[l=0]|NP[l=1]				
hil-data	61	f0c7c722-031a-4c6e-ad7e-739402475c99	NiGijo bijo dapicoGo	O beiju está quente .		$.pages[0].sentences[60]	ffef8450-e302-4882-8306-e5998d31f584			2	2	bijo	N	1			0						IP-MAT[l=0]|NP[l=1]				
hil-data	61	f0c7c722-031a-4c6e-ad7e-739402475c99	NiGijo bijo dapicoGo	O beiju está quente .		$.pages[0].sentences[60]	ffef8450-e302-4882-8306-e5998d31f584			3	3	dapicoGo	VB	0	(ser|estar)_quente		2	d|apicoGo	Inv|v	|(ser|estar)_quente	|	|	IP-MAT[l=0]				
hil-data	62	d5dcd2bf-a3d0-4074-a241-f706b153134f	Nagada libiwe niale ixagodi	O galho da árvore é vermelho .		$.pages[0].sentences[61]	ffef8450-e302-4882-8306-e5998d31f584			1	1	Nagada	D	1			0						IP-MAT[l=0]|NP[l=1]				
hil-data	62	d5dcd2bf-a3d0-4074-a241-f706b153134f	Nagada libiwe niale ixagodi	O galho da árvore é vermelho .		$.pages[0].sentences[61]	ffef8450-e302-4882-8306-e5998d31f584			2	2	libiwe	N$	1	seu chifre		2	l|ibiwe	Gen|n	3|	|	|	IP-MAT[l=0]|NP[l=1]				
hil-data	62	d5dcd2bf-a3d0-4074-a241-f706b153134f	Nagada libiwe niale ixagodi	O galho da árvore é vermelho .		$.pages[0].sentences[61]	ffef8450-e302-4882-8306-e5998d31f584			3	3	niale	N	2	árvore		0						IP-MAT[l=0]|NP[l=1]|NP[l=2]				
hil-data	62	d5dcd2bf-a3d0-4074-a241-f706b153134f	Nagada libiwe niale ixagodi	O galho da árvore é vermelho .		$.pages[0].sentences[61]	ffef8450-e302-4882-8306-e5998d31f584			4	4	ixagodi	VB	0	é vermelho		1	ixagodi					IP-MAT[l=0]				
hil-data	63	c3225d86-7037-4f8c-9981-8e92b6a081d6	nigidiwa bijotedi dapicoGo	Os beijus estão quentes .		$.pages[0].sentences[62]	ffef8450-e302-4882-8306-e5998d31f584			1	1	nigidiwa	D	1			0						IP-MAT[l=0]|NP[l=1]				
hil-data	63	c3225d86-7037-4f8c-9981-8e92b6a081d6	nigidiwa bijotedi dapicoGo	Os beijus estão quentes .		$.pages[0].sentences[62]	ffef8450-e302-4882-8306-e5998d31f584			2	2	bijotedi	N	1			0						IP-MAT[l=0]|NP[l=1]				
hil-data	63	c3225d86-7037-4f8c-9981-8e92b6a081d6	nigidiwa bijotedi dapicoGo	Os beijus estão quentes .		$.pages[0].sentences[62]	ffef8450-e302-4882-8306-e5998d31f584			3	3	dapicoGo	VB	0	(ser|estar)_quente		2	d|apicoGo	Inv|v	|(ser|estar)_quente	|	|	IP-MAT[l=0]				
hil-data	64	d0cb9423-93bb-4b45-a02a-fee23a6dd8bb	Nigijoa lianaGa Maria libinienigipi	Os filhos da Maria são bonitos .		$.pages[0].sentences[63]	ffef8450-e302-4882-8306-e5998d31f584			1	1	Nigijoa	D	1			0						IP-MAT[l=0]|NP-SBJ[l=1]				
hil-data	64	d0cb9423-93bb-4b45-a02a-fee23a6dd8bb	Nigijoa lianaGa Maria libinienigipi	Os filhos da Maria são bonitos .		$.pages[0].sentences[63]	ffef8450-e302-4882-8306-e5998d31f584			2	2	lianaGa	N$	1			0						IP-MAT[l=0]|NP-SBJ[l=1]				
hil-data	64	d0cb9423-93bb-4b45-a02a-fee23a6dd8bb	Nigijoa lianaGa Maria libinienigipi	Os filhos da Maria são bonitos .		$.pages[0].sentences[63]	ffef8450-e302-4882-8306-e5998d31f584			3	3	Maria	NPR	2			0						IP-MAT[l=0]|NP-SBJ[l=1]|NP[l=2]				
hil-data	64	d0cb9423-93bb-4b45-a02a-fee23a6dd8bb	Nigijoa lianaGa Maria libinienigipi	Os filhos da Maria são bonitos .		$.pages[0].sentences[63]	ffef8450-e302-4882-8306-e5998d31f584			4	4	libinienigipi	N$	1	suas belezas		5	l|binie|na|gi|pi	Gen|n|Dim|Gnr|Plu	3|beleza||MASC|PL	||||	||||	IP-MAT[l=0]|NP-PRD[l=1]				
hil-data	65	13f012b0-ef62-4477-b4bd-00e000484874	NiGidi lionaGa iwaalo etidi meetaGa	Os filhos da mulher estão comigo .		$.pages[0].sentences[64]	ffef8450-e302-4882-8306-e5998d31f584			1	1	NiGidi	D	1	esse		3	nG|i|di	Anf|Gnr|Ncl	|M|deitad(o|a)	||	||	IP-MAT[l=0]|NP[l=1]				
hil-data	65	13f012b0-ef62-4477-b4bd-00e000484874	NiGidi lionaGa iwaalo etidi meetaGa	Os filhos da mulher estão comigo .		$.pages[0].sentences[64]	ffef8450-e302-4882-8306-e5998d31f584			2	2	lionaGa	N$	1	filhas		3	l|iona|Ga	Gen|n|Plu	3|filha|	||	||	IP-MAT[l=0]|NP[l=1]				
hil-data	65	13f012b0-ef62-4477-b4bd-00e000484874	NiGidi lionaGa iwaalo etidi meetaGa	Os filhos da mulher estão comigo .		$.pages[0].sentences[64]	ffef8450-e302-4882-8306-e5998d31f584			3	3	iwaalo	N	2	mulher		2	iwaa|lo	n|Cla	mulher|cla	|	|	IP-MAT[l=0]|NP[l=1]|NP[l=2]				
hil-data	65	13f012b0-ef62-4477-b4bd-00e000484874	NiGidi lionaGa iwaalo etidi meetaGa	Os filhos da mulher estão comigo .		$.pages[0].sentences[64]	ffef8450-e302-4882-8306-e5998d31f584			4	4	etidi	VB	0	estão em		3	et|i|di	v|Gnr|Ncl	estar|M|deitado	||	||	IP-MAT[l=0]				
hil-data	65	13f012b0-ef62-4477-b4bd-00e000484874	NiGidi lionaGa iwaalo etidi meetaGa	Os filhos da mulher estão comigo .		$.pages[0].sentences[64]	ffef8450-e302-4882-8306-e5998d31f584			5	5	me@	C	1	que é em mim	"{""v"": ""meetaGa"", ""t"": ""C+DAPL"", ""idx"": 0}"	3	me|ee|taGa	|Pro|Apl	|1|	True||	||	IP-MAT[l=0]|CP-me[l=1]				
hil-data	65	13f012b0-ef62-4477-b4bd-00e000484874	NiGidi lionaGa iwaalo etidi meetaGa	Os filhos da mulher estão comigo .		$.pages[0].sentences[64]	ffef8450-e302-4882-8306-e5998d31f584			6	6	@eetaGa	DAPL	3		"{""idx"": 1}"	0						IP-MAT[l=0]|CP-me[l=1]|IP-SUB[l=2]|NP[l=3]				
hil-data	66	55fe3cf7-0293-48e6-aa78-44822f50347e	liGeladi ipegitege nakidi nigotaGa	A casa dela é perto do rio da cidade .		$.pages[0].sentences[65]	ffef8450-e302-4882-8306-e5998d31f584			1	1	liGeladi	N$	1	casa dele/dela		2	l|Geladi	Gen|n	3|casa	|	|	IP-MAT[l=0]|NP[l=1]				
hil-data	66	55fe3cf7-0293-48e6-aa78-44822f50347e	liGeladi ipegitege nakidi nigotaGa	A casa dela é perto do rio da cidade .		$.pages[0].sentences[65]	ffef8450-e302-4882-8306-e5998d31f584			2	2	ipegitege	VBAPL	0	fica perto de		3	i|pegi|tece	Erg|v|Apl	3|aproximar|3F	||	||	IP-MAT[l=0]				
hil-data	66	55fe3cf7-0293-48e6-aa78-44822f50347e	liGeladi ipegitege nakidi nigotaGa	A casa dela é perto do rio da cidade .		$.pages[0].sentences[65]	ffef8450-e302-4882-8306-e5998d31f584			3	3	nakidi	N$	1			0						IP-MAT[l=0]|NP-APL[l=1]				
hil-data	66	55fe3cf7-0293-48e6-aa78-44822f50347e	liGeladi ipegitege nakidi nigotaGa	A casa dela é perto do rio da cidade .		$.pages[0].sentences[65]	ffef8450-e302-4882-8306-e5998d31f584			4	4	nigotaGa	N	2	cidade		1						IP-MAT[l=0]|NP-APL[l=1]|NP[l=2]				
hil-data	67	c0441856-b259-4d76-a88e-33a7e211b208	liGeladi ipegitege nakidi nigotaGa	A casa dele é perto do rio da cidade .		$.pages[0].sentences[66]	ffef8450-e302-4882-8306-e5998d31f584			1	1	liGeladi	N$	1	casa dele/dela		2	l|Geladi	Gen|n	3|casa	|	|	IP-MAT[l=0]|NP[l=1]				
hil-data	67	c0441856-b259-4d76-a88e-33a7e211b208	liGeladi ipegitege nakidi nigotaGa	A casa dele é perto do rio da cidade .		$.pages[0].sentences[66]	ffef8450-e302-4882-8306-e5998d31f584			2	2	ipegitege	VBAPL	0	fica perto de		3	i|pegi|tece	Erg|v|Apl	3|aproximar|3F	||	||	IP-MAT[l=0]				
hil-data	67	c0441856-b259-4d76-a88e-33a7e211b208	liGeladi ipegitege nakidi nigotaGa	A casa dele é perto do rio da cidade .		$.pages[0].sentences[66]	ffef8450-e302-4882-8306-e5998d31f584			3	3	nakidi	N$	1			0						IP-MAT[l=0]|NP-APL[l=1]				
hil-data	67	c0441856-b259-4d76-a88e-33a7e211b208	liGeladi ipegitege nakidi nigotaGa	A casa dele é perto do rio da cidade .		$.pages[0].sentences[66]	ffef8450-e302-4882-8306-e5998d31f584			4	4	nigotaGa	N	2	cidade		1						IP-MAT[l=0]|NP-APL[l=1]|NP[l=2]				
hil-data	68	9527d53d-7184-4b08-8bb2-51b7fff1429d	nigotaGa liGeladi ipegitege akiidi	A cidade da casa dela é perto do rio.		$.pages[0].sentences[67]	ffef8450-e302-4882-8306-e5998d31f584			1	1	nigotaGa	N	1	cidade		1						IP-MAT[l=0]|NP[l=1]				
hil-data	68	9527d53d-7184-4b08-8bb2-51b7fff1429d	nigotaGa liGeladi ipegitege akiidi	A cidade da casa dela é perto do rio.		$.pages[0].sentences[67]	ffef8450-e302-4882-8306-e5998d31f584			2	2	liGeladi	N$	1	casa dele/dela		2	l|Geladi	Gen|n	3|casa	|	|	IP-MAT[l=0]|NP[l=1]				
hil-data	68	9527d53d-7184-4b08-8bb2-51b7fff1429d	nigotaGa liGeladi ipegitege akiidi	A cidade da casa dela é perto do rio.		$.pages[0].sentences[67]	ffef8450-e302-4882-8306-e5998d31f584			3	3	ipegitege	VBAPL	0	fica perto de		3	i|pegi|tece	Erg|v|Apl	3|aproximar|3F	||	||	IP-MAT[l=0]				
hil-data	68	9527d53d-7184-4b08-8bb2-51b7fff1429d	nigotaGa liGeladi ipegitege akiidi	A cidade da casa dela é perto do rio.		$.pages[0].sentences[67]	ffef8450-e302-4882-8306-e5998d31f584			4	4	akiidi	N	1			0						IP-MAT[l=0]|NP-APL[l=1]				
