sent_ordinal	sent_uid	sent_text	text_pt_br	visible	path	container_uid	container_id	container_title	token_ordinal	token_p	token_form	token_tag_source	token_level	token_gloss_br	split_obj_json	split_count	split_forms	split_tags	split_glosses_br	split_fns	split_idxs	chunk_memberships	proto_conllu_id	proto_conllu_form	proto_conllu_misc_json	proto_token_range
1	fcef38ed-be6b-4f2a-b5cf-fa4db625ecfb	Iwalo libiniena	A mulher está bonita .		$.pages[0].sentences[0]	ffef8450-e302-4882-8306-e5998d31f584			1	1	Iwalo	N	1	mulher		2	iwa|lo	n|Cla	mulher|cla	|	|	IP-MAT[l=0]|NP-SBJ[l=1]				
1	fcef38ed-be6b-4f2a-b5cf-fa4db625ecfb	Iwalo libiniena	A mulher está bonita .		$.pages[0].sentences[0]	ffef8450-e302-4882-8306-e5998d31f584			2	2	libiniena	N$	1	beleza		0						IP-MAT[l=0]|NP-PRD[l=1]				
2	31d3b4c0-4aab-4538-999b-b8ee85c34444	Iwalo ninitibeci	A mulher está feliz .		$.pages[0].sentences[1]	ffef8450-e302-4882-8306-e5998d31f584			1	1	Iwalo	N	1	mulher		2	iwa|lo	n|Cla	mulher|cla	|	|	IP-MAT[l=0]|NP[l=1]				
2	31d3b4c0-4aab-4538-999b-b8ee85c34444	Iwalo ninitibeci	A mulher está feliz .		$.pages[0].sentences[1]	ffef8450-e302-4882-8306-e5998d31f584			2	2	ninitibeci	VB	0	está feliz		0						IP-MAT[l=0]				
3	39f34955-a828-47d7-808d-b3b3565b42d6	Lotaǥa ǥanioxoa libinienaǥa	A palavra de seu irmão é bonita .		$.pages[0].sentences[2]	ffef8450-e302-4882-8306-e5998d31f584			1	1	Lotaǥa	N$	1			0						IP-MAT[l=0]|NP-SBJ[l=1]				
3	39f34955-a828-47d7-808d-b3b3565b42d6	Lotaǥa ǥanioxoa libinienaǥa	A palavra de seu irmão é bonita .		$.pages[0].sentences[2]	ffef8450-e302-4882-8306-e5998d31f584			2	2	ǥanioxoa	N$	1	seu irmão		2	Ga|nioxoa	Gnr|n	|	|	|	IP-MAT[l=0]|NP-SBJ[l=1]				
3	39f34955-a828-47d7-808d-b3b3565b42d6	Lotaǥa ǥanioxoa libinienaǥa	A palavra de seu irmão é bonita .		$.pages[0].sentences[2]	ffef8450-e302-4882-8306-e5998d31f584			3	3	libinienaǥa	N$	1	bonita		0						IP-MAT[l=0]|NP-PRD[l=1]				
4	d3ae6cfd-bec1-49f3-a0f9-4ca0744e3404	Lotaǥa ǥadodawa libinienaǥa	A palavra do seu marido é bonita .		$.pages[0].sentences[3]	ffef8450-e302-4882-8306-e5998d31f584			1	1	Lotaǥa	N$	1			0						IP-MAT[l=0]|NP-SBJ[l=1]				
4	d3ae6cfd-bec1-49f3-a0f9-4ca0744e3404	Lotaǥa ǥadodawa libinienaǥa	A palavra do seu marido é bonita .		$.pages[0].sentences[3]	ffef8450-e302-4882-8306-e5998d31f584			2	2	ǥadodawa	N$	1			0						IP-MAT[l=0]|NP-SBJ[l=1]				
4	d3ae6cfd-bec1-49f3-a0f9-4ca0744e3404	Lotaǥa ǥadodawa libinienaǥa	A palavra do seu marido é bonita .		$.pages[0].sentences[3]	ffef8450-e302-4882-8306-e5998d31f584			3	3	libinienaǥa	N$	1	bonita		0						IP-MAT[l=0]|NP-PRD[l=1]				
5	e349508c-4d86-48b8-9918-057988755e77	Etogo aneiwaǥadi adakake lojedi	A pesada canoa está barata .		$.pages[0].sentences[4]	ffef8450-e302-4882-8306-e5998d31f584			1	1	Etogo	N	1			0						IP-MAT[l=0]|NP-SBJ[l=1]				
5	e349508c-4d86-48b8-9918-057988755e77	Etogo aneiwaǥadi adakake lojedi	A pesada canoa está barata .		$.pages[0].sentences[4]	ffef8450-e302-4882-8306-e5998d31f584			2	2	ane@	WPRO	3		"{""v"": ""aneiwaǥadi"", ""t"": ""WPRO+VB"", ""idx"": 0}"	2	ane|iwaGadi	|	|	True|	|	IP-MAT[l=0]|NP-SBJ[l=1]|CP-REL[l=2]|WNP[l=3]				
5	e349508c-4d86-48b8-9918-057988755e77	Etogo aneiwaǥadi adakake lojedi	A pesada canoa está barata .		$.pages[0].sentences[4]	ffef8450-e302-4882-8306-e5998d31f584			3	3	*T*		4			0						IP-MAT[l=0]|NP-SBJ[l=1]|CP-REL[l=2]|IP-SUB[l=3]|NP-TRACE[l=4]				
5	e349508c-4d86-48b8-9918-057988755e77	Etogo aneiwaǥadi adakake lojedi	A pesada canoa está barata .		$.pages[0].sentences[4]	ffef8450-e302-4882-8306-e5998d31f584			4	4	@iwaGadi	VB	3		"{""idx"": 1}"	0						IP-MAT[l=0]|NP-SBJ[l=1]|CP-REL[l=2]|IP-SUB[l=3]				
5	e349508c-4d86-48b8-9918-057988755e77	Etogo aneiwaǥadi adakake lojedi	A pesada canoa está barata .		$.pages[0].sentences[4]	ffef8450-e302-4882-8306-e5998d31f584			5	5	aG@	NEG	4	não duro	"{""v"": ""adakake"", ""t"": ""NEG+ADJ"", ""idx"": 0}"	3	aG|d|akake	Neg|Inv|v	||	True||	||	IP-MAT[l=0]|NP-SBJ[l=1]|CP-REL[l=2]|IP-SUB[l=3]|NP[l=4]				
5	e349508c-4d86-48b8-9918-057988755e77	Etogo aneiwaǥadi adakake lojedi	A pesada canoa está barata .		$.pages[0].sentences[4]	ffef8450-e302-4882-8306-e5998d31f584			6	6	@dakake	ADJ	1		"{""idx"": 1}"	0						IP-MAT[l=0]|NP-PRD[l=1]				
5	e349508c-4d86-48b8-9918-057988755e77	Etogo aneiwaǥadi adakake lojedi	A pesada canoa está barata .		$.pages[0].sentences[4]	ffef8450-e302-4882-8306-e5998d31f584			7	7	lojedi	N$	1	vingança/preço		0						IP-MAT[l=0]|NP-PRD[l=1]				
6	1d10c633-e74d-4e27-ac23-6b6b2dde9647	Etogo ane iwaǥadi adakake loojedi	A canoa pesada é barata .		$.pages[0].sentences[5]	ffef8450-e302-4882-8306-e5998d31f584			1	1	Etogo	N	1			0						IP-MAT[l=0]|NP-SBJ[l=1]				
6	1d10c633-e74d-4e27-ac23-6b6b2dde9647	Etogo ane iwaǥadi adakake loojedi	A canoa pesada é barata .		$.pages[0].sentences[5]	ffef8450-e302-4882-8306-e5998d31f584			2	2	ane	WPRO	3	que 		0						IP-MAT[l=0]|NP-SBJ[l=1]|CP-REL[l=2]|WNP[l=3]				
6	1d10c633-e74d-4e27-ac23-6b6b2dde9647	Etogo ane iwaǥadi adakake loojedi	A canoa pesada é barata .		$.pages[0].sentences[5]	ffef8450-e302-4882-8306-e5998d31f584			3	3	*T*		4			0						IP-MAT[l=0]|NP-SBJ[l=1]|CP-REL[l=2]|IP-SUB[l=3]|NP-TRACE[l=4]				
6	1d10c633-e74d-4e27-ac23-6b6b2dde9647	Etogo ane iwaǥadi adakake loojedi	A canoa pesada é barata .		$.pages[0].sentences[5]	ffef8450-e302-4882-8306-e5998d31f584			4	4	iwaǥadi	VB	3			0						IP-MAT[l=0]|NP-SBJ[l=1]|CP-REL[l=2]|IP-SUB[l=3]				
6	1d10c633-e74d-4e27-ac23-6b6b2dde9647	Etogo ane iwaǥadi adakake loojedi	A canoa pesada é barata .		$.pages[0].sentences[5]	ffef8450-e302-4882-8306-e5998d31f584			5	5	aG@	NEG	4	não duro	"{""v"": ""adakake"", ""t"": ""NEG+ADJ"", ""idx"": 0}"	2	aG|akake	|Adj	|	|	|	IP-MAT[l=0]|NP-SBJ[l=1]|CP-REL[l=2]|IP-SUB[l=3]|NP[l=4]				
6	1d10c633-e74d-4e27-ac23-6b6b2dde9647	Etogo ane iwaǥadi adakake loojedi	A canoa pesada é barata .		$.pages[0].sentences[5]	ffef8450-e302-4882-8306-e5998d31f584			6	6	@akake	ADJ	1		"{""idx"": 1}"	0						IP-MAT[l=0]|NP-PRD[l=1]				
6	1d10c633-e74d-4e27-ac23-6b6b2dde9647	Etogo ane iwaǥadi adakake loojedi	A canoa pesada é barata .		$.pages[0].sentences[5]	ffef8450-e302-4882-8306-e5998d31f584			7	7	loojedi	N$	1	preço		0						IP-MAT[l=0]|NP-PRD[l=1]				
7	435e4b10-ab78-4ee3-84b0-7773dbe10bf7	ǥawenigi eliodi me libinienigi	A sua comida é muito bonita .		$.pages[0].sentences[6]	ffef8450-e302-4882-8306-e5998d31f584			1	1	ǥawenigi	N$	2			0						IP-MAT[l=0]|NP[l=1]|NP[l=2]				
7	435e4b10-ab78-4ee3-84b0-7773dbe10bf7	ǥawenigi eliodi me libinienigi	A sua comida é muito bonita .		$.pages[0].sentences[6]	ffef8450-e302-4882-8306-e5998d31f584			2	2	eliodi	Q	1	muito		0						IP-MAT[l=0]|NP[l=1]				
7	435e4b10-ab78-4ee3-84b0-7773dbe10bf7	ǥawenigi eliodi me libinienigi	A sua comida é muito bonita .		$.pages[0].sentences[6]	ffef8450-e302-4882-8306-e5998d31f584			3	3	me	C	2	que		0						IP-MAT[l=0]|NP[l=1]|CP-me[l=2]				
7	435e4b10-ab78-4ee3-84b0-7773dbe10bf7	ǥawenigi eliodi me libinienigi	A sua comida é muito bonita .		$.pages[0].sentences[6]	ffef8450-e302-4882-8306-e5998d31f584			4	4	libinienigi	N$	4	bonito		3	l|ibinie|nigi	Gen|n|Dim	||masc	||	||	IP-MAT[l=0]|NP[l=1]|CP-me[l=2]|IP-SUB[l=3]|NP[l=4]				
8	cf44903e-0c33-44bc-a146-1fb8a4ccb973	Niǥijo liwenigi libinienigi	Aquela comida dela é bonita .		$.pages[0].sentences[7]	ffef8450-e302-4882-8306-e5998d31f584			1	1	Niǥijo	D	1	este		3	nG|i|jo	Anf|Gnr|Ncl	||	||	||	IP-MAT[l=0]|NP-SBJ[l=1]				
8	cf44903e-0c33-44bc-a146-1fb8a4ccb973	Niǥijo liwenigi libinienigi	Aquela comida dela é bonita .		$.pages[0].sentences[7]	ffef8450-e302-4882-8306-e5998d31f584			2	2	liwenigi	N$	1			0						IP-MAT[l=0]|NP-SBJ[l=1]				
8	cf44903e-0c33-44bc-a146-1fb8a4ccb973	Niǥijo liwenigi libinienigi	Aquela comida dela é bonita .		$.pages[0].sentences[7]	ffef8450-e302-4882-8306-e5998d31f584			3	3	libinienigi	N$	1	bonito		3	l|ibinie|nigi	Gen|n|Dim	||masc	||	||	IP-MAT[l=0]|NP-PRD[l=1]				
9	0ca977cd-2edf-45d9-b958-068648aebef9	Nigida niwenigi eliodi me dakake loojedi	Aquela comida é muito cara .		$.pages[0].sentences[8]	ffef8450-e302-4882-8306-e5998d31f584			1	1	Nigida	D	1	este		3	niG|i|da	Dem|Gnr|Ncl	||	||	||	IP-MAT[l=0]|NP[l=1]				
9	0ca977cd-2edf-45d9-b958-068648aebef9	Nigida niwenigi eliodi me dakake loojedi	Aquela comida é muito cara .		$.pages[0].sentences[8]	ffef8450-e302-4882-8306-e5998d31f584			2	2	niwenigi	N$	1			0						IP-MAT[l=0]|NP[l=1]				
9	0ca977cd-2edf-45d9-b958-068648aebef9	Nigida niwenigi eliodi me dakake loojedi	Aquela comida é muito cara .		$.pages[0].sentences[8]	ffef8450-e302-4882-8306-e5998d31f584			3	3	eliodi	ADJ	1	grande		0						IP-MAT[l=0]|NP[l=1]				
9	0ca977cd-2edf-45d9-b958-068648aebef9	Nigida niwenigi eliodi me dakake loojedi	Aquela comida é muito cara .		$.pages[0].sentences[8]	ffef8450-e302-4882-8306-e5998d31f584			4	4	me	C	2	que		0						IP-MAT[l=0]|NP[l=1]|CP-me[l=2]				
9	0ca977cd-2edf-45d9-b958-068648aebef9	Nigida niwenigi eliodi me dakake loojedi	Aquela comida é muito cara .		$.pages[0].sentences[8]	ffef8450-e302-4882-8306-e5998d31f584			5	5	dakake	ADJ	4	duro		2	d|akake	Inv|v	|	|	|	IP-MAT[l=0]|NP[l=1]|CP-me[l=2]|IP-SUB[l=3]|NP[l=4]				
9	0ca977cd-2edf-45d9-b958-068648aebef9	Nigida niwenigi eliodi me dakake loojedi	Aquela comida é muito cara .		$.pages[0].sentences[8]	ffef8450-e302-4882-8306-e5998d31f584			6	6	loojedi	N$	4	vingança/preço		0						IP-MAT[l=0]|NP[l=1]|CP-me[l=2]|IP-SUB[l=3]|NP[l=4]				
10	559ba85f-edfc-48dc-9bfb-0c3f8e5ad887	NaGajo lomigo Pedilo idei madi niwatece	Aquele anzol do Pedro está na canoa .		$.pages[0].sentences[9]	ffef8450-e302-4882-8306-e5998d31f584			1	1	NaGajo	PRO$	1	dela		3	nG|a|jo	Dem|Gnr|Ncl	||	||	||	IP-MAT[l=0]|NP[l=1]				
10	559ba85f-edfc-48dc-9bfb-0c3f8e5ad887	NaGajo lomigo Pedilo idei madi niwatece	Aquele anzol do Pedro está na canoa .		$.pages[0].sentences[9]	ffef8450-e302-4882-8306-e5998d31f584			2	2	lomigo	N$	2	anzol		0						IP-MAT[l=0]|NP[l=1]|NP[l=2]				
10	559ba85f-edfc-48dc-9bfb-0c3f8e5ad887	NaGajo lomigo Pedilo idei madi niwatece	Aquele anzol do Pedro está na canoa .		$.pages[0].sentences[9]	ffef8450-e302-4882-8306-e5998d31f584			3	3	Pedilo	NPR	2			0						IP-MAT[l=0]|NP[l=1]|NP[l=2]				
10	559ba85f-edfc-48dc-9bfb-0c3f8e5ad887	NaGajo lomigo Pedilo idei madi niwatece	Aquele anzol do Pedro está na canoa .		$.pages[0].sentences[9]	ffef8450-e302-4882-8306-e5998d31f584			4	4	idei	VB	0	fica		2	i|dei	Erg|v	3|ficar(permanente)	|	|	IP-MAT[l=0]				
10	559ba85f-edfc-48dc-9bfb-0c3f8e5ad887	NaGajo lomigo Pedilo idei madi niwatece	Aquele anzol do Pedro está na canoa .		$.pages[0].sentences[9]	ffef8450-e302-4882-8306-e5998d31f584			5	5	me@	C	1	que o	"{""v"": ""madi"", ""t"": ""C+D"", ""idx"": 0}"	3	me|a|di	||	||	True||	||	IP-MAT[l=0]|CP-me[l=1]				
10	559ba85f-edfc-48dc-9bfb-0c3f8e5ad887	NaGajo lomigo Pedilo idei madi niwatece	Aquele anzol do Pedro está na canoa .		$.pages[0].sentences[9]	ffef8450-e302-4882-8306-e5998d31f584			6	6	@adi	D	3		"{""idx"": 1}"	0						IP-MAT[l=0]|CP-me[l=1]|IP-SUB[l=2]|NP[l=3]				
10	559ba85f-edfc-48dc-9bfb-0c3f8e5ad887	NaGajo lomigo Pedilo idei madi niwatece	Aquele anzol do Pedro está na canoa .		$.pages[0].sentences[9]	ffef8450-e302-4882-8306-e5998d31f584			7	7	niwatece	N$	3	canoa		2	n|watece	Ant|n	|canoa	|	|	IP-MAT[l=0]|CP-me[l=1]|IP-SUB[l=2]|NP[l=3]				
11	92838eda-ef9b-4f05-a5eb-38a4709c0337	Naǥajo lomigo niganigawanigi madi niwatece	Aquele anzol do menino é na canoa .		$.pages[0].sentences[10]	ffef8450-e302-4882-8306-e5998d31f584			1	1	Naǥajo	PRO$	2	dela		3	nG|a|jo	Dem|Gnr|Ncl	||	||	||	IP-MAT[l=0]|NP[l=1]|NP[l=2]				
11	92838eda-ef9b-4f05-a5eb-38a4709c0337	Naǥajo lomigo niganigawanigi madi niwatece	Aquele anzol do menino é na canoa .		$.pages[0].sentences[10]	ffef8450-e302-4882-8306-e5998d31f584			2	2	lomigo	N$	2	anzol		0						IP-MAT[l=0]|NP[l=1]|NP[l=2]				
11	92838eda-ef9b-4f05-a5eb-38a4709c0337	Naǥajo lomigo niganigawanigi madi niwatece	Aquele anzol do menino é na canoa .		$.pages[0].sentences[10]	ffef8450-e302-4882-8306-e5998d31f584			3	3	niganigawanigi	N$	1			0						IP-MAT[l=0]|NP[l=1]				
11	92838eda-ef9b-4f05-a5eb-38a4709c0337	Naǥajo lomigo niganigawanigi madi niwatece	Aquele anzol do menino é na canoa .		$.pages[0].sentences[10]	ffef8450-e302-4882-8306-e5998d31f584			4	4	me@	C	2	que o	"{""v"": ""madi"", ""t"": ""C+D"", ""idx"": 0}"	3	me|a|di	||	||	True||	||	IP-MAT[l=0]|NP[l=1]|CP-me[l=2]				
11	92838eda-ef9b-4f05-a5eb-38a4709c0337	Naǥajo lomigo niganigawanigi madi niwatece	Aquele anzol do menino é na canoa .		$.pages[0].sentences[10]	ffef8450-e302-4882-8306-e5998d31f584			5	5	@adi	D	4		"{""idx"": 1}"	0						IP-MAT[l=0]|NP[l=1]|CP-me[l=2]|IP-SUB[l=3]|NP[l=4]				
11	92838eda-ef9b-4f05-a5eb-38a4709c0337	Naǥajo lomigo niganigawanigi madi niwatece	Aquele anzol do menino é na canoa .		$.pages[0].sentences[10]	ffef8450-e302-4882-8306-e5998d31f584			6	6	niwatece	N$	4	canoa		2	n|watece	Ant|n	|canoa	|	|	IP-MAT[l=0]|NP[l=1]|CP-me[l=2]|IP-SUB[l=3]|NP[l=4]				
12	3a7e213b-323e-4694-bad9-47091f3533f5	Te ee nigotaǥa	Estou na cidade .		$.pages[0].sentences[11]	ffef8450-e302-4882-8306-e5998d31f584			1	1	Te	VB	0			0						IP-MAT[l=0]				
12	3a7e213b-323e-4694-bad9-47091f3533f5	Te ee nigotaǥa	Estou na cidade .		$.pages[0].sentences[11]	ffef8450-e302-4882-8306-e5998d31f584			2	2	ee	D	1	eu		0						IP-MAT[l=0]|NP[l=1]				
12	3a7e213b-323e-4694-bad9-47091f3533f5	Te ee nigotaǥa	Estou na cidade .		$.pages[0].sentences[11]	ffef8450-e302-4882-8306-e5998d31f584			3	3	nigotaǥa	N	1	cidade		0						IP-MAT[l=0]|NP[l=1]				
13	0de3d311-348a-4107-a191-9fc3f960c249	niǥijoa lionaga iwalo idei mijotaǥa	Aqueles filhos da mulher estão com eles .		$.pages[0].sentences[12]	ffef8450-e302-4882-8306-e5998d31f584			1	1	niǥijoa	D	2			0						IP-MAT[l=0]|NP[l=1]|NP[l=2]				
13	0de3d311-348a-4107-a191-9fc3f960c249	niǥijoa lionaga iwalo idei mijotaǥa	Aqueles filhos da mulher estão com eles .		$.pages[0].sentences[12]	ffef8450-e302-4882-8306-e5998d31f584			2	2	lionaga	N$	2			0						IP-MAT[l=0]|NP[l=1]|NP[l=2]				
13	0de3d311-348a-4107-a191-9fc3f960c249	niǥijoa lionaga iwalo idei mijotaǥa	Aqueles filhos da mulher estão com eles .		$.pages[0].sentences[12]	ffef8450-e302-4882-8306-e5998d31f584			3	3	iwalo	N	1	mulher		2	iwa|lo	n|Cla	mulher|cla	|	|	IP-MAT[l=0]|NP[l=1]				
13	0de3d311-348a-4107-a191-9fc3f960c249	niǥijoa lionaga iwalo idei mijotaǥa	Aqueles filhos da mulher estão com eles .		$.pages[0].sentences[12]	ffef8450-e302-4882-8306-e5998d31f584			4	4	idei	VB	0	fica		2	i|dei	Erg|v	3|ficar(permanente)	|	|	IP-MAT[l=0]				
13	0de3d311-348a-4107-a191-9fc3f960c249	niǥijoa lionaga iwalo idei mijotaǥa	Aqueles filhos da mulher estão com eles .		$.pages[0].sentences[12]	ffef8450-e302-4882-8306-e5998d31f584			5	5	mijotaǥa	CD	0	com ele		0						IP-MAT[l=0]				
14	4e9130da-80fd-4ac2-8665-956c95b299e2	dibixodi ideiticoaci maditaǥa	As formigas estão nela .		$.pages[0].sentences[13]	ffef8450-e302-4882-8306-e5998d31f584			1	1	dibixodi	N	1	formiga		0						IP-MAT[l=0]|NP[l=1]				
14	4e9130da-80fd-4ac2-8665-956c95b299e2	dibixodi ideiticoaci maditaǥa	As formigas estão nela .		$.pages[0].sentences[13]	ffef8450-e302-4882-8306-e5998d31f584			2	2	ideiticoaci	VBAPL	0			0						IP-MAT[l=0]				
14	4e9130da-80fd-4ac2-8665-956c95b299e2	dibixodi ideiticoaci maditaǥa	As formigas estão nela .		$.pages[0].sentences[13]	ffef8450-e302-4882-8306-e5998d31f584			3	3	maditaǥa	CD	0	com ela		0						IP-MAT[l=0]				
15	baccc279-f303-4b4f-a6d7-4404de699f4a	Iwalepodi libinienigipi .	As mulheres estão bonitas .		$.pages[0].sentences[14]	ffef8450-e302-4882-8306-e5998d31f584			1	1	Iwalepodi	N	1	mulheres		0						IP-MAT[l=0]|NP-SBJ[l=1]				
15	baccc279-f303-4b4f-a6d7-4404de699f4a	Iwalepodi libinienigipi .	As mulheres estão bonitas .		$.pages[0].sentences[14]	ffef8450-e302-4882-8306-e5998d31f584			2	2	libinienigipi	N$	1	suas belezas		0						IP-MAT[l=0]|NP-PRD[l=1]				
15	baccc279-f303-4b4f-a6d7-4404de699f4a	Iwalepodi libinienigipi .	As mulheres estão bonitas .		$.pages[0].sentences[14]	ffef8450-e302-4882-8306-e5998d31f584			3	3	.	PUNC	0			0						IP-MAT[l=0]				
16	af474637-80f3-4001-884c-4d5f452fb573	Ninitibeci .	Ela está feliz .		$.pages[0].sentences[15]	ffef8450-e302-4882-8306-e5998d31f584			1	1	Ninitibeci	VB				0						IP-MAT				
16	af474637-80f3-4001-884c-4d5f452fb573	Ninitibeci .	Ela está feliz .		$.pages[0].sentences[15]	ffef8450-e302-4882-8306-e5998d31f584			2	2	.	PUNC				0						IP-MAT				
17	8f297896-5ee6-461f-86e3-0d4d4ef5a661	ninitibeci naǥada .	Ela está feliz .		$.pages[0].sentences[16]	ffef8450-e302-4882-8306-e5998d31f584			1	1	ninitibeci	VB	0			0						IP-MAT[l=0]				
17	8f297896-5ee6-461f-86e3-0d4d4ef5a661	ninitibeci naǥada .	Ela está feliz .		$.pages[0].sentences[16]	ffef8450-e302-4882-8306-e5998d31f584			2	2	naǥada	D	0			0						IP-MAT[l=0]				
17	8f297896-5ee6-461f-86e3-0d4d4ef5a661	ninitibeci naǥada .	Ela está feliz .		$.pages[0].sentences[16]	ffef8450-e302-4882-8306-e5998d31f584			3	3	.	PUNC	0			0						IP-MAT[l=0]				
18	4855882d-49f1-4035-bd12-73abf82df995	Ninitibeci naǥadi .	Ela está feliz .		$.pages[0].sentences[17]	ffef8450-e302-4882-8306-e5998d31f584			1	1	Ninitibeci	VB				0						IP-MAT				
18	4855882d-49f1-4035-bd12-73abf82df995	Ninitibeci naǥadi .	Ela está feliz .		$.pages[0].sentences[17]	ffef8450-e302-4882-8306-e5998d31f584			2	2	naǥadi					0						IP-MAT				
18	4855882d-49f1-4035-bd12-73abf82df995	Ninitibeci naǥadi .	Ela está feliz .		$.pages[0].sentences[17]	ffef8450-e302-4882-8306-e5998d31f584			3	3	.	PUNC				0						IP-MAT				
19	d489d970-e6b1-42e3-add2-2221f2fb1fad	naǥada iwaǥadi	Ela está pesada		$.pages[0].sentences[18]	ffef8450-e302-4882-8306-e5998d31f584			1	1	naǥada	D	1			0						IP-MAT[l=0]|NP[l=1]				
19	d489d970-e6b1-42e3-add2-2221f2fb1fad	naǥada iwaǥadi	Ela está pesada		$.pages[0].sentences[18]	ffef8450-e302-4882-8306-e5998d31f584			2	2	iwaǥadi	VB	0			0						IP-MAT[l=0]				
20	23b27bf4-3694-4053-8f74-b3c739fc8ee2	naǥadi iwaǥadi	Ela está pesada.		$.pages[0].sentences[19]	ffef8450-e302-4882-8306-e5998d31f584			1	1	naǥadi					0						IP-MAT				
20	23b27bf4-3694-4053-8f74-b3c739fc8ee2	naǥadi iwaǥadi	Ela está pesada.		$.pages[0].sentences[19]	ffef8450-e302-4882-8306-e5998d31f584			2	2	iwaǥadi					0						IP-MAT				
21	85801af7-8128-4d85-a7bd-a182d5dc58a5	Naǥana iwaǥadi	Ela está pesada.		$.pages[0].sentences[20]	ffef8450-e302-4882-8306-e5998d31f584			1	1	Naǥana					0						IP-MAT				
21	85801af7-8128-4d85-a7bd-a182d5dc58a5	Naǥana iwaǥadi	Ela está pesada.		$.pages[0].sentences[20]	ffef8450-e302-4882-8306-e5998d31f584			2	2	iwaǥadi					0						IP-MAT				
22	b9d77060-3ac9-4305-ba86-2723cc7cb70a	Ada iwaǥadi	Ela está é pesada.		$.pages[0].sentences[21]	ffef8450-e302-4882-8306-e5998d31f584			1	1	Ada					0						IP-MAT				
22	b9d77060-3ac9-4305-ba86-2723cc7cb70a	Ada iwaǥadi	Ela está é pesada.		$.pages[0].sentences[21]	ffef8450-e302-4882-8306-e5998d31f584			2	2	iwaǥadi					0						IP-MAT				
23	7521cd51-aa9b-4ff6-8d87-a5ce4ca92b6d	Ani iwaǥadi	Ela está é pesada.		$.pages[0].sentences[22]	ffef8450-e302-4882-8306-e5998d31f584			1	1	Ani					0						IP-MAT				
23	7521cd51-aa9b-4ff6-8d87-a5ce4ca92b6d	Ani iwaǥadi	Ela está é pesada.		$.pages[0].sentences[22]	ffef8450-e302-4882-8306-e5998d31f584			2	2	iwaǥadi					0						IP-MAT				
24	96687d35-46ae-4338-9398-ff66a3165b61	Adi iwaǥadi	Ela está é pesada.		$.pages[0].sentences[23]	ffef8450-e302-4882-8306-e5998d31f584			1	1	Adi					0						IP-MAT				
24	96687d35-46ae-4338-9398-ff66a3165b61	Adi iwaǥadi	Ela está é pesada.		$.pages[0].sentences[23]	ffef8450-e302-4882-8306-e5998d31f584			2	2	iwaǥadi					0						IP-MAT				
25	24a9e039-79d0-4026-8824-0d061c2b21ee	naǥana eliodi meninitibeci	Ela é muito feliz .		$.pages[0].sentences[24]	ffef8450-e302-4882-8306-e5998d31f584			1	1	naǥana	D	1	aquela		0						IP-MAT[l=0]|NP-SBJ[l=1]				
25	24a9e039-79d0-4026-8824-0d061c2b21ee	naǥana eliodi meninitibeci	Ela é muito feliz .		$.pages[0].sentences[24]	ffef8450-e302-4882-8306-e5998d31f584			2	2	eliodi	Q	1	muito		0						IP-MAT[l=0]|NP-PRD[l=1]				
25	24a9e039-79d0-4026-8824-0d061c2b21ee	naǥana eliodi meninitibeci	Ela é muito feliz .		$.pages[0].sentences[24]	ffef8450-e302-4882-8306-e5998d31f584			3	3	me@	C	2	que está feliz	"{""v"": ""meninitibeci"", ""t"": ""C+VB"", ""idx"": 0}"	2	me|ninitibeci	|	|	True|	|	IP-MAT[l=0]|NP-PRD[l=1]|CP-me[l=2]				
25	24a9e039-79d0-4026-8824-0d061c2b21ee	naǥana eliodi meninitibeci	Ela é muito feliz .		$.pages[0].sentences[24]	ffef8450-e302-4882-8306-e5998d31f584			4	4	@ninitibeci	VB	3		"{""idx"": 1}"	0						IP-MAT[l=0]|NP-PRD[l=1]|CP-me[l=2]|IP-SUB[l=3]				
26	fba05264-0e3c-4248-8211-3ac87c64c2e6	Dapicoǥo	Ela é quente .		$.pages[0].sentences[25]	ffef8450-e302-4882-8306-e5998d31f584			1	1	Dapicoǥo	VB				0						IP-MAT				
27	f9af3f8f-3b06-4756-8676-b5ffb2c24b44	Dapipocoǥo	Ela está quente .		$.pages[0].sentences[26]	ffef8450-e302-4882-8306-e5998d31f584			1	1	Dapipocoǥo					0						IP-MAT				
28	fab37d81-bb9b-4e20-a8f5-3b3969ee86d1	libiniena	Ele está bonito .		$.pages[0].sentences[27]	ffef8450-e302-4882-8306-e5998d31f584			1	1	libiniena	N$	1	beleza		0						IP-MAT[l=0]|NP[l=1]				
29	0b9bddcd-f6af-4281-80a9-cac2377d0af1	libinienigi	Ele é bonito.		$.pages[0].sentences[28]	ffef8450-e302-4882-8306-e5998d31f584			1	1	libinienigi					0						IP-MAT				
30	38c689d8-332d-4406-b236-de4593e4853a	Dapicoǥo	Ele é quente .		$.pages[0].sentences[29]	ffef8450-e302-4882-8306-e5998d31f584			1	1	Dapicoǥo					0						IP-MAT				
31	ea70209d-4f3c-4bf9-8d93-2d91fa0f928c	Dapicoǥo	Ele está quente .		$.pages[0].sentences[30]	ffef8450-e302-4882-8306-e5998d31f584			1	1	Dapicoǥo					0						IP-MAT				
32	4aed8aa8-bd36-4940-8020-8ba12122304e	Ninitibigiwaji .	Eles são felizes .		$.pages[0].sentences[31]	ffef8450-e302-4882-8306-e5998d31f584			1	1	Ninitibigiwaji					3	nini|tibigi|waji	|Dir|Coll	||	||	||	IP-MAT				
32	4aed8aa8-bd36-4940-8020-8ba12122304e	Ninitibigiwaji .	Eles são felizes .		$.pages[0].sentences[31]	ffef8450-e302-4882-8306-e5998d31f584			2	2	.	PUNC				0						IP-MAT				
33	3a27c7c6-ecd6-45c0-a71e-b4aa2a242a3d	Niǥida lodajo lodawa aidei dineigi	Esta faca da esposa dela não está na casa .		$.pages[0].sentences[32]	ffef8450-e302-4882-8306-e5998d31f584			1	1	Niǥida	D	3	este		3	niG|i|da	Dem|Gnr|Ncl	||	||	||	IP-MAT[l=0]|NP[l=1]|NP[l=2]|NP[l=3]				
33	3a27c7c6-ecd6-45c0-a71e-b4aa2a242a3d	Niǥida lodajo lodawa aidei dineigi	Esta faca da esposa dela não está na casa .		$.pages[0].sentences[32]	ffef8450-e302-4882-8306-e5998d31f584			2	2	lodajo	N$	3	faca		2	l|odajo	Gen|n	|	|	|	IP-MAT[l=0]|NP[l=1]|NP[l=2]|NP[l=3]				
33	3a27c7c6-ecd6-45c0-a71e-b4aa2a242a3d	Niǥida lodajo lodawa aidei dineigi	Esta faca da esposa dela não está na casa .		$.pages[0].sentences[32]	ffef8450-e302-4882-8306-e5998d31f584			3	3	lodawa	N$	2	esposa		0						IP-MAT[l=0]|NP[l=1]|NP[l=2]				
33	3a27c7c6-ecd6-45c0-a71e-b4aa2a242a3d	Niǥida lodajo lodawa aidei dineigi	Esta faca da esposa dela não está na casa .		$.pages[0].sentences[32]	ffef8450-e302-4882-8306-e5998d31f584			4	4	aG@	NEG	1	não fica	"{""v"": ""aidei"", ""t"": ""NEG+VB"", ""idx"": 0}"	2	aG|idei	Neg|v	|	|	|	IP-MAT[l=0]|NP[l=1]				
33	3a27c7c6-ecd6-45c0-a71e-b4aa2a242a3d	Niǥida lodajo lodawa aidei dineigi	Esta faca da esposa dela não está na casa .		$.pages[0].sentences[32]	ffef8450-e302-4882-8306-e5998d31f584			5	5	@idei	VB	0		"{""idx"": 1}"	0						IP-MAT[l=0]				
33	3a27c7c6-ecd6-45c0-a71e-b4aa2a242a3d	Niǥida lodajo lodawa aidei dineigi	Esta faca da esposa dela não está na casa .		$.pages[0].sentences[32]	ffef8450-e302-4882-8306-e5998d31f584			6	6	dineigi	N	1	casa		0						IP-MAT[l=0]|NP[l=1]				
34	64f2c803-b436-4202-b4c7-acf5c7205bc3	liwigo niganigawanigi libinienigi	Esta fotografia da criança é bonita .		$.pages[0].sentences[33]	ffef8450-e302-4882-8306-e5998d31f584			1	1	liwigo	N$	2	sua fotografia		0						IP-MAT[l=0]|NP-SBJ[l=1]|NP[l=2]				
34	64f2c803-b436-4202-b4c7-acf5c7205bc3	liwigo niganigawanigi libinienigi	Esta fotografia da criança é bonita .		$.pages[0].sentences[33]	ffef8450-e302-4882-8306-e5998d31f584			2	2	niganigawanigi	N	1	meninos		0						IP-MAT[l=0]|NP-SBJ[l=1]				
34	64f2c803-b436-4202-b4c7-acf5c7205bc3	liwigo niganigawanigi libinienigi	Esta fotografia da criança é bonita .		$.pages[0].sentences[33]	ffef8450-e302-4882-8306-e5998d31f584			3	3	libinienigi	N$	1	bonito		3	l|ibinie|nigi	Gen|n|Dim	||masc	||	||	IP-MAT[l=0]|NP-PRD[l=1]				
35	8bad7bc3-f82f-46c0-9e63-c780104b11e2	naǥani wetiǥa eliodi me iwaǥadi	Esta pedra está muito pesada .		$.pages[0].sentences[34]	ffef8450-e302-4882-8306-e5998d31f584			1	1	naǥani	D	1	aquela		0						IP-MAT[l=0]|NP-SBJ[l=1]				
35	8bad7bc3-f82f-46c0-9e63-c780104b11e2	naǥani wetiǥa eliodi me iwaǥadi	Esta pedra está muito pesada .		$.pages[0].sentences[34]	ffef8450-e302-4882-8306-e5998d31f584			2	2	wetiǥa	N	1	pedra		0						IP-MAT[l=0]|NP-SBJ[l=1]				
35	8bad7bc3-f82f-46c0-9e63-c780104b11e2	naǥani wetiǥa eliodi me iwaǥadi	Esta pedra está muito pesada .		$.pages[0].sentences[34]	ffef8450-e302-4882-8306-e5998d31f584			3	3	eliodi	Q	1	muito		0						IP-MAT[l=0]|NP-PRD[l=1]				
35	8bad7bc3-f82f-46c0-9e63-c780104b11e2	naǥani wetiǥa eliodi me iwaǥadi	Esta pedra está muito pesada .		$.pages[0].sentences[34]	ffef8450-e302-4882-8306-e5998d31f584			4	4	me	C	2	que		0						IP-MAT[l=0]|NP-PRD[l=1]|CP-me[l=2]				
35	8bad7bc3-f82f-46c0-9e63-c780104b11e2	naǥani wetiǥa eliodi me iwaǥadi	Esta pedra está muito pesada .		$.pages[0].sentences[34]	ffef8450-e302-4882-8306-e5998d31f584			5	5	iwaǥadi	VB	3	pesa		0						IP-MAT[l=0]|NP-PRD[l=1]|CP-me[l=2]|IP-SUB[l=3]				
36	768a3635-dcaf-4210-b236-73568abadbdb	Naǥani wetiǥa iwaǥadi	Esta pedra está pesada .		$.pages[0].sentences[35]	ffef8450-e302-4882-8306-e5998d31f584			1	1	Naǥani	D	1			0						IP-MAT[l=0]|NP[l=1]				
36	768a3635-dcaf-4210-b236-73568abadbdb	Naǥani wetiǥa iwaǥadi	Esta pedra está pesada .		$.pages[0].sentences[35]	ffef8450-e302-4882-8306-e5998d31f584			2	2	wetiǥa	N	1	pedra		0						IP-MAT[l=0]|NP[l=1]				
36	768a3635-dcaf-4210-b236-73568abadbdb	Naǥani wetiǥa iwaǥadi	Esta pedra está pesada .		$.pages[0].sentences[35]	ffef8450-e302-4882-8306-e5998d31f584			3	3	iwaǥadi	VB	0			0						IP-MAT[l=0]				
37	e5f90fbc-14e8-4c6f-9e07-61fbf67d042f	Niginoa wetiadi iwaǥadi	Estas pedras estão pesadas .		$.pages[0].sentences[36]	ffef8450-e302-4882-8306-e5998d31f584			1	1	Niginoa	D	1	esses		4	niG|i|na|wa	Dem|Gnr|Ncl|Plu	|||	|||	|||	IP-MAT[l=0]|NP[l=1]				
37	e5f90fbc-14e8-4c6f-9e07-61fbf67d042f	Niginoa wetiadi iwaǥadi	Estas pedras estão pesadas .		$.pages[0].sentences[36]	ffef8450-e302-4882-8306-e5998d31f584			2	2	wetiadi	N	1	pedras		0						IP-MAT[l=0]|NP[l=1]				
37	e5f90fbc-14e8-4c6f-9e07-61fbf67d042f	Niginoa wetiadi iwaǥadi	Estas pedras estão pesadas .		$.pages[0].sentences[36]	ffef8450-e302-4882-8306-e5998d31f584			3	3	iwaǥadi	VB	0	pesa		0						IP-MAT[l=0]				
38	f4b854f9-c3c6-4e88-8a9b-ca73fcba8d46	Naǥani wetiǥa iwaǥadi	Esta pedra é pesada .		$.pages[0].sentences[37]	ffef8450-e302-4882-8306-e5998d31f584			1	1	Naǥani	D	1			0						IP-MAT[l=0]|NP[l=1]				
38	f4b854f9-c3c6-4e88-8a9b-ca73fcba8d46	Naǥani wetiǥa iwaǥadi	Esta pedra é pesada .		$.pages[0].sentences[37]	ffef8450-e302-4882-8306-e5998d31f584			2	2	wetiǥa	N	1	pedra		0						IP-MAT[l=0]|NP[l=1]				
38	f4b854f9-c3c6-4e88-8a9b-ca73fcba8d46	Naǥani wetiǥa iwaǥadi	Esta pedra é pesada .		$.pages[0].sentences[37]	ffef8450-e302-4882-8306-e5998d31f584			3	3	iwaǥadi	VB	0			0						IP-MAT[l=0]				
39	38f73c1c-ddfb-4153-9310-d24214cd68e7	Naǥani wetiǥa ane iwaǥadi eniteloco iǥonagi	Esta pedra que é pesada caiu no meu pé .		$.pages[0].sentences[38]	ffef8450-e302-4882-8306-e5998d31f584			1	1	Naǥani	D	1	aquela		0						IP-MAT[l=0]|NP[l=1]				
39	38f73c1c-ddfb-4153-9310-d24214cd68e7	Naǥani wetiǥa ane iwaǥadi eniteloco iǥonagi	Esta pedra que é pesada caiu no meu pé .		$.pages[0].sentences[38]	ffef8450-e302-4882-8306-e5998d31f584			2	2	wetiǥa	N	1	pedra		0						IP-MAT[l=0]|NP[l=1]				
39	38f73c1c-ddfb-4153-9310-d24214cd68e7	Naǥani wetiǥa ane iwaǥadi eniteloco iǥonagi	Esta pedra que é pesada caiu no meu pé .		$.pages[0].sentences[38]	ffef8450-e302-4882-8306-e5998d31f584			3	3	ane	WPRO	3	que 		0						IP-MAT[l=0]|NP[l=1]|CP-REL[l=2]|WNP[l=3]				
39	38f73c1c-ddfb-4153-9310-d24214cd68e7	Naǥani wetiǥa ane iwaǥadi eniteloco iǥonagi	Esta pedra que é pesada caiu no meu pé .		$.pages[0].sentences[38]	ffef8450-e302-4882-8306-e5998d31f584			4	4	*T*		4			0						IP-MAT[l=0]|NP[l=1]|CP-REL[l=2]|IP-SUB[l=3]|NP-TRACE[l=4]				
39	38f73c1c-ddfb-4153-9310-d24214cd68e7	Naǥani wetiǥa ane iwaǥadi eniteloco iǥonagi	Esta pedra que é pesada caiu no meu pé .		$.pages[0].sentences[38]	ffef8450-e302-4882-8306-e5998d31f584			5	5	iwaǥadi	VB	3	pesa		0						IP-MAT[l=0]|NP[l=1]|CP-REL[l=2]|IP-SUB[l=3]				
39	38f73c1c-ddfb-4153-9310-d24214cd68e7	Naǥani wetiǥa ane iwaǥadi eniteloco iǥonagi	Esta pedra que é pesada caiu no meu pé .		$.pages[0].sentences[38]	ffef8450-e302-4882-8306-e5998d31f584			6	6	eniteloco	VBAPL	3			0						IP-MAT[l=0]|NP[l=1]|CP-REL[l=2]|IP-SUB[l=3]				
39	38f73c1c-ddfb-4153-9310-d24214cd68e7	Naǥani wetiǥa ane iwaǥadi eniteloco iǥonagi	Esta pedra que é pesada caiu no meu pé .		$.pages[0].sentences[38]	ffef8450-e302-4882-8306-e5998d31f584			7	7	iǥonagi	N$	4			0						IP-MAT[l=0]|NP[l=1]|CP-REL[l=2]|IP-SUB[l=3]|NP-APL[l=4]				
40	e1bcbfa4-89e4-4d25-8d84-bc9ed0b2f7e4	Naǥani wetiǥa ane iwaǥadi iǥonagi	Esta pedra , que é pesada , caiu no meu pé .		$.pages[0].sentences[39]	ffef8450-e302-4882-8306-e5998d31f584			1	1	Naǥani	D	1	aquela		0						IP-MAT[l=0]|NP[l=1]				
40	e1bcbfa4-89e4-4d25-8d84-bc9ed0b2f7e4	Naǥani wetiǥa ane iwaǥadi iǥonagi	Esta pedra , que é pesada , caiu no meu pé .		$.pages[0].sentences[39]	ffef8450-e302-4882-8306-e5998d31f584			2	2	wetiǥa	N	1	pedra		0						IP-MAT[l=0]|NP[l=1]				
40	e1bcbfa4-89e4-4d25-8d84-bc9ed0b2f7e4	Naǥani wetiǥa ane iwaǥadi iǥonagi	Esta pedra , que é pesada , caiu no meu pé .		$.pages[0].sentences[39]	ffef8450-e302-4882-8306-e5998d31f584			3	3	ane	WPRO	3	que 		0						IP-MAT[l=0]|NP[l=1]|CP-REL[l=2]|WNP[l=3]				
40	e1bcbfa4-89e4-4d25-8d84-bc9ed0b2f7e4	Naǥani wetiǥa ane iwaǥadi iǥonagi	Esta pedra , que é pesada , caiu no meu pé .		$.pages[0].sentences[39]	ffef8450-e302-4882-8306-e5998d31f584			4	4	*T*		4			0						IP-MAT[l=0]|NP[l=1]|CP-REL[l=2]|IP-SUB[l=3]|NP-TRACE[l=4]				
40	e1bcbfa4-89e4-4d25-8d84-bc9ed0b2f7e4	Naǥani wetiǥa ane iwaǥadi iǥonagi	Esta pedra , que é pesada , caiu no meu pé .		$.pages[0].sentences[39]	ffef8450-e302-4882-8306-e5998d31f584			5	5	iwaǥadi	VB	3	pesa		0						IP-MAT[l=0]|NP[l=1]|CP-REL[l=2]|IP-SUB[l=3]				
40	e1bcbfa4-89e4-4d25-8d84-bc9ed0b2f7e4	Naǥani wetiǥa ane iwaǥadi iǥonagi	Esta pedra , que é pesada , caiu no meu pé .		$.pages[0].sentences[39]	ffef8450-e302-4882-8306-e5998d31f584			6	6	iǥonagi	N$	4			0						IP-MAT[l=0]|NP[l=1]|CP-REL[l=2]|IP-SUB[l=3]|NP[l=4]				
41	8dda04f0-f7e8-46d6-b41d-b65dd214f01b	Nigidoa waca lotidi dapicoǥo	Este leite está quente .		$.pages[0].sentences[40]	ffef8450-e302-4882-8306-e5998d31f584			1	1	Nigidoa					0						IP-MAT				
41	8dda04f0-f7e8-46d6-b41d-b65dd214f01b	Nigidoa waca lotidi dapicoǥo	Este leite está quente .		$.pages[0].sentences[40]	ffef8450-e302-4882-8306-e5998d31f584			2	2	waca	N		da vaca		0						IP-MAT				
41	8dda04f0-f7e8-46d6-b41d-b65dd214f01b	Nigidoa waca lotidi dapicoǥo	Este leite está quente .		$.pages[0].sentences[40]	ffef8450-e302-4882-8306-e5998d31f584			3	3	lotidi					0						IP-MAT				
41	8dda04f0-f7e8-46d6-b41d-b65dd214f01b	Nigidoa waca lotidi dapicoǥo	Este leite está quente .		$.pages[0].sentences[40]	ffef8450-e302-4882-8306-e5998d31f584			4	4	dapicoǥo					0						IP-MAT				
42	79cb0e55-9c06-4cb1-91b3-2b5233e1678f	nigidiwa okokodi ligeledi midi niwigo libinienaǥa	Estes ovos da fotografia dela estão bonitos .		$.pages[0].sentences[41]	ffef8450-e302-4882-8306-e5998d31f584			1	1	nigidiwa	D	1	aqueles		0						IP-MAT[l=0]|NP[l=1]				
42	79cb0e55-9c06-4cb1-91b3-2b5233e1678f	nigidiwa okokodi ligeledi midi niwigo libinienaǥa	Estes ovos da fotografia dela estão bonitos .		$.pages[0].sentences[41]	ffef8450-e302-4882-8306-e5998d31f584			2	2	okokodi	N	1	galinha		0						IP-MAT[l=0]|NP[l=1]				
42	79cb0e55-9c06-4cb1-91b3-2b5233e1678f	nigidiwa okokodi ligeledi midi niwigo libinienaǥa	Estes ovos da fotografia dela estão bonitos .		$.pages[0].sentences[41]	ffef8450-e302-4882-8306-e5998d31f584			3	3	ligeledi	N$	1	ovo		0						IP-MAT[l=0]|NP[l=1]				
42	79cb0e55-9c06-4cb1-91b3-2b5233e1678f	nigidiwa okokodi ligeledi midi niwigo libinienaǥa	Estes ovos da fotografia dela estão bonitos .		$.pages[0].sentences[41]	ffef8450-e302-4882-8306-e5998d31f584			4	4	me@	C	2	para os	"{""v"": ""midi"", ""t"": ""C+D"", ""idx"": 0}"	3	me|i|di	||	||	True||	||	IP-MAT[l=0]|NP[l=1]|CP-me[l=2]				
42	79cb0e55-9c06-4cb1-91b3-2b5233e1678f	nigidiwa okokodi ligeledi midi niwigo libinienaǥa	Estes ovos da fotografia dela estão bonitos .		$.pages[0].sentences[41]	ffef8450-e302-4882-8306-e5998d31f584			5	5	@idi	D	4		"{""idx"": 1}"	0						IP-MAT[l=0]|NP[l=1]|CP-me[l=2]|IP-SUB[l=3]|NP[l=4]				
42	79cb0e55-9c06-4cb1-91b3-2b5233e1678f	nigidiwa okokodi ligeledi midi niwigo libinienaǥa	Estes ovos da fotografia dela estão bonitos .		$.pages[0].sentences[41]	ffef8450-e302-4882-8306-e5998d31f584			6	6	niwigo	N	4	fotografia		0						IP-MAT[l=0]|NP[l=1]|CP-me[l=2]|IP-SUB[l=3]|NP[l=4]				
42	79cb0e55-9c06-4cb1-91b3-2b5233e1678f	nigidiwa okokodi ligeledi midi niwigo libinienaǥa	Estes ovos da fotografia dela estão bonitos .		$.pages[0].sentences[41]	ffef8450-e302-4882-8306-e5998d31f584			7	7	libinienaǥa	N$	4	bonitas		0						IP-MAT[l=0]|NP[l=1]|CP-me[l=2]|IP-SUB[l=3]|NP[l=4]				
43	a74fea0a-dd87-4c4d-8670-9db66f5b5b16	nigidiwa okokodi ligetedi liwigo libinienaǥa	Estes ovos da fotografia estão bonitos .		$.pages[0].sentences[42]	ffef8450-e302-4882-8306-e5998d31f584			1	1	nigidiwa					0						IP-MAT				
43	a74fea0a-dd87-4c4d-8670-9db66f5b5b16	nigidiwa okokodi ligetedi liwigo libinienaǥa	Estes ovos da fotografia estão bonitos .		$.pages[0].sentences[42]	ffef8450-e302-4882-8306-e5998d31f584			2	2	okokodi					0						IP-MAT				
43	a74fea0a-dd87-4c4d-8670-9db66f5b5b16	nigidiwa okokodi ligetedi liwigo libinienaǥa	Estes ovos da fotografia estão bonitos .		$.pages[0].sentences[42]	ffef8450-e302-4882-8306-e5998d31f584			3	3	ligetedi					0						IP-MAT				
43	a74fea0a-dd87-4c4d-8670-9db66f5b5b16	nigidiwa okokodi ligetedi liwigo libinienaǥa	Estes ovos da fotografia estão bonitos .		$.pages[0].sentences[42]	ffef8450-e302-4882-8306-e5998d31f584			4	4	liwigo					0						IP-MAT				
43	a74fea0a-dd87-4c4d-8670-9db66f5b5b16	nigidiwa okokodi ligetedi liwigo libinienaǥa	Estes ovos da fotografia estão bonitos .		$.pages[0].sentences[42]	ffef8450-e302-4882-8306-e5998d31f584			5	5	libinienaǥa	ADJ		bonitas		0						IP-MAT				
44	83fdcd4c-338f-4a9f-8545-da8539e67e9d	Nigidiwa noǥojedi lixagotaǥaǥa adakake lojedi	Estes peixes vermelhos estão baratos .		$.pages[0].sentences[43]	ffef8450-e302-4882-8306-e5998d31f584			1	1	Nigidiwa	D	2			0						IP-MAT[l=0]|NP[l=1]|NP[l=2]				
44	83fdcd4c-338f-4a9f-8545-da8539e67e9d	Nigidiwa noǥojedi lixagotaǥaǥa adakake lojedi	Estes peixes vermelhos estão baratos .		$.pages[0].sentences[43]	ffef8450-e302-4882-8306-e5998d31f584			2	2	noǥojedi	N	2	peixe		0						IP-MAT[l=0]|NP[l=1]|NP[l=2]				
44	83fdcd4c-338f-4a9f-8545-da8539e67e9d	Nigidiwa noǥojedi lixagotaǥaǥa adakake lojedi	Estes peixes vermelhos estão baratos .		$.pages[0].sentences[43]	ffef8450-e302-4882-8306-e5998d31f584			3	3	lixagotaǥaǥa	N$	2	vermelho		0						IP-MAT[l=0]|NP[l=1]|NP[l=2]				
44	83fdcd4c-338f-4a9f-8545-da8539e67e9d	Nigidiwa noǥojedi lixagotaǥaǥa adakake lojedi	Estes peixes vermelhos estão baratos .		$.pages[0].sentences[43]	ffef8450-e302-4882-8306-e5998d31f584			4	4	aG@	NEG	1	não duro	"{""v"": ""adakake"", ""t"": ""NEG+ADJ"", ""idx"": 0}"	2	aG|akake	|Adj	|	True|	|	IP-MAT[l=0]|NP[l=1]				
44	83fdcd4c-338f-4a9f-8545-da8539e67e9d	Nigidiwa noǥojedi lixagotaǥaǥa adakake lojedi	Estes peixes vermelhos estão baratos .		$.pages[0].sentences[43]	ffef8450-e302-4882-8306-e5998d31f584			5	5	@akake	ADJ	2		"{""idx"": 1}"	0						IP-MAT[l=0]|NP[l=1]|NP[l=2]				
44	83fdcd4c-338f-4a9f-8545-da8539e67e9d	Nigidiwa noǥojedi lixagotaǥaǥa adakake lojedi	Estes peixes vermelhos estão baratos .		$.pages[0].sentences[43]	ffef8450-e302-4882-8306-e5998d31f584			6	6	lojedi	N$	2	vingança		0						IP-MAT[l=0]|NP[l=1]|NP[l=2]				
45	07bfcd00-7901-474d-bfb8-bf470266aafa	Ee ite ee ina	Eu estou aqui .		$.pages[0].sentences[44]	ffef8450-e302-4882-8306-e5998d31f584			1	1	Ee	D	1	eu		2	ejin|aGa	v|Plu	|	|	|	IP-MAT[l=0]|NP[l=1]				
45	07bfcd00-7901-474d-bfb8-bf470266aafa	Ee ite ee ina	Eu estou aqui .		$.pages[0].sentences[44]	ffef8450-e302-4882-8306-e5998d31f584			2	2	ite	VB	0			0						IP-MAT[l=0]				
45	07bfcd00-7901-474d-bfb8-bf470266aafa	Ee ite ee ina	Eu estou aqui .		$.pages[0].sentences[44]	ffef8450-e302-4882-8306-e5998d31f584			3	3	ee	D	1	eu		0						IP-MAT[l=0]|NP[l=1]				
45	07bfcd00-7901-474d-bfb8-bf470266aafa	Ee ite ee ina	Eu estou aqui .		$.pages[0].sentences[44]	ffef8450-e302-4882-8306-e5998d31f584			4	4	ina	D	0	ele		2	i|na	Gnr|Ncl	masc|vindo	|	|	IP-MAT[l=0]				
46	42671da9-e433-4319-86a0-2a2cb8777a40	Ite ee madataǥa	Eu estou com ela .		$.pages[0].sentences[45]	ffef8450-e302-4882-8306-e5998d31f584			1	1	Ite					0						IP-MAT				
46	42671da9-e433-4319-86a0-2a2cb8777a40	Ite ee madataǥa	Eu estou com ela .		$.pages[0].sentences[45]	ffef8450-e302-4882-8306-e5998d31f584			2	2	ee	D		eu		0						IP-MAT				
46	42671da9-e433-4319-86a0-2a2cb8777a40	Ite ee madataǥa	Eu estou com ela .		$.pages[0].sentences[45]	ffef8450-e302-4882-8306-e5998d31f584			3	3	madataǥa	CD		com ela		0						IP-MAT				
47	e58e38a7-f117-48f1-8a17-9d896867fe60	Ite ee midataǥa	Eu estou com ele .		$.pages[0].sentences[46]	ffef8450-e302-4882-8306-e5998d31f584			1	1	Ite					0						IP-MAT				
47	e58e38a7-f117-48f1-8a17-9d896867fe60	Ite ee midataǥa	Eu estou com ele .		$.pages[0].sentences[46]	ffef8450-e302-4882-8306-e5998d31f584			2	2	ee	D		eu		0						IP-MAT				
47	e58e38a7-f117-48f1-8a17-9d896867fe60	Ite ee midataǥa	Eu estou com ele .		$.pages[0].sentences[46]	ffef8450-e302-4882-8306-e5998d31f584			3	3	midataǥa					0						IP-MAT				
48	4242d34b-9096-45a2-a666-502a2cb9ca49	Ee aidinitibeci .	Eu não estou feliz .		$.pages[0].sentences[47]	ffef8450-e302-4882-8306-e5998d31f584			1	1	Ee	D		disse		0						IP-MAT				
48	4242d34b-9096-45a2-a666-502a2cb9ca49	Ee aidinitibeci .	Eu não estou feliz .		$.pages[0].sentences[47]	ffef8450-e302-4882-8306-e5998d31f584			2	2	aidinitibeci					0						IP-MAT				
48	4242d34b-9096-45a2-a666-502a2cb9ca49	Ee aidinitibeci .	Eu não estou feliz .		$.pages[0].sentences[47]	ffef8450-e302-4882-8306-e5998d31f584			3	3	.	PUNC				0						IP-MAT				
49	1e9df213-90da-4674-8889-4ac858df72fe	Ee ageliodi me idinitibeci	Eu não estou muito feliz .		$.pages[0].sentences[48]	ffef8450-e302-4882-8306-e5998d31f584			1	1	Ee	D	1	eu		0						IP-MAT[l=0]|NP-SBJ[l=1]				
49	1e9df213-90da-4674-8889-4ac858df72fe	Ee ageliodi me idinitibeci	Eu não estou muito feliz .		$.pages[0].sentences[48]	ffef8450-e302-4882-8306-e5998d31f584			2	2	ageliodi	NEG+Q	1			0						IP-MAT[l=0]|NP-PRD[l=1]				
49	1e9df213-90da-4674-8889-4ac858df72fe	Ee ageliodi me idinitibeci	Eu não estou muito feliz .		$.pages[0].sentences[48]	ffef8450-e302-4882-8306-e5998d31f584			3	3	me	C	2	que		0						IP-MAT[l=0]|NP-PRD[l=1]|CP-me[l=2]				
49	1e9df213-90da-4674-8889-4ac858df72fe	Ee ageliodi me idinitibeci	Eu não estou muito feliz .		$.pages[0].sentences[48]	ffef8450-e302-4882-8306-e5998d31f584			4	4	idinitibeci	VB	3	alegrar-se		4	i|d|ini|tibeci	||v|	|||	|||	|||	IP-MAT[l=0]|NP-PRD[l=1]|CP-me[l=2]|IP-SUB[l=3]				
50	c4302bef-3de9-4f3c-b762-f6b77183f263	Ee ajipegitege	Eu não estou perto dela .		$.pages[0].sentences[49]	ffef8450-e302-4882-8306-e5998d31f584			1	1	Ee	D	1	eu		0						IP-MAT[l=0]|NP[l=1]				
50	c4302bef-3de9-4f3c-b762-f6b77183f263	Ee ajipegitege	Eu não estou perto dela .		$.pages[0].sentences[49]	ffef8450-e302-4882-8306-e5998d31f584			2	2	aG@	NEG	1		"{""v"": ""ajipegitege"", ""t"": ""NEG+VBAPL"", ""idx"": 0}"	4	aG|j|pegi|tege	|||	|||	True|||	|||	IP-MAT[l=0]|NP[l=1]				
50	c4302bef-3de9-4f3c-b762-f6b77183f263	Ee ajipegitege	Eu não estou perto dela .		$.pages[0].sentences[49]	ffef8450-e302-4882-8306-e5998d31f584			3	3	@jpegitege	VBAPL	0		"{""idx"": 1}"	0						IP-MAT[l=0]				
51	5bc48b27-0755-475f-813e-7a259f3c3c9e	Ee ajipegitege	Eu não estou perto dele .		$.pages[0].sentences[50]	ffef8450-e302-4882-8306-e5998d31f584			1	1	Ee	VB		disse		2	ejin|aGa	v|Plu	|	|	|	IP-MAT				
51	5bc48b27-0755-475f-813e-7a259f3c3c9e	Ee ajipegitege	Eu não estou perto dele .		$.pages[0].sentences[50]	ffef8450-e302-4882-8306-e5998d31f584			2	2	ajipegitege					0						IP-MAT				
52	1e1fafc0-29c6-41d4-a0d2-4c825d9af376	ee idiwaǥadi	Eu sou pesado .		$.pages[0].sentences[51]	ffef8450-e302-4882-8306-e5998d31f584			1	1	ee	D		eu		0						IP-MAT				
52	1e1fafc0-29c6-41d4-a0d2-4c825d9af376	ee idiwaǥadi	Eu sou pesado .		$.pages[0].sentences[51]	ffef8450-e302-4882-8306-e5998d31f584			2	2	idiwaǥadi	VB				3	i|d|iwaGadi	||	||	||	||	IP-MAT				
53	71aff593-7b38-4c17-9563-4503985dbd03	jipegitege	Estou perto dela .		$.pages[0].sentences[52]	ffef8450-e302-4882-8306-e5998d31f584			1	1	jipegitege					0						IP-MAT				
54	f4f18c18-728c-4d6b-b7dd-2df62c4a829a	jipegitege	Estou perto dele .		$.pages[0].sentences[53]	ffef8450-e302-4882-8306-e5998d31f584			1	1	jipegitege					0						IP-MAT				
55	90ca38d8-e063-4c98-af51-4b9022ade506	aǥeliodi me idinitibeci .	Não sou muito feliz .		$.pages[0].sentences[54]	ffef8450-e302-4882-8306-e5998d31f584			1	1	aǥeliodi					0						IP-MAT				
55	90ca38d8-e063-4c98-af51-4b9022ade506	aǥeliodi me idinitibeci .	Não sou muito feliz .		$.pages[0].sentences[54]	ffef8450-e302-4882-8306-e5998d31f584			2	2	me	C		que		0						IP-MAT				
55	90ca38d8-e063-4c98-af51-4b9022ade506	aǥeliodi me idinitibeci .	Não sou muito feliz .		$.pages[0].sentences[54]	ffef8450-e302-4882-8306-e5998d31f584			3	3	idinitibeci	VB		alegrar-se		4	i|d|ini|tibeci	||v|	|||	|||	|||	IP-MAT				
55	90ca38d8-e063-4c98-af51-4b9022ade506	aǥeliodi me idinitibeci .	Não sou muito feliz .		$.pages[0].sentences[54]	ffef8450-e302-4882-8306-e5998d31f584			4	4	.	PUNC				0						IP-MAT				
56	82bfae64-45e7-403f-bcd0-190e00f4520f	jipecaǥataǥagi .	Nós estamos perto de você .		$.pages[0].sentences[55]	ffef8450-e302-4882-8306-e5998d31f584			1	1	jipecaǥataǥagi					0						IP-MAT				
56	82bfae64-45e7-403f-bcd0-190e00f4520f	jipecaǥataǥagi .	Nós estamos perto de você .		$.pages[0].sentences[55]	ffef8450-e302-4882-8306-e5998d31f584			2	2	.	PUNC				0						IP-MAT				
57	341bf09a-2ef8-455a-8b6b-88373c617dae	oko aidejonaǥa midi ǥodoigi	Nós não estamos na comunidade .		$.pages[0].sentences[56]	ffef8450-e302-4882-8306-e5998d31f584			1	1	oko	N		pessoa		0						IP-MAT				
57	341bf09a-2ef8-455a-8b6b-88373c617dae	oko aidejonaǥa midi ǥodoigi	Nós não estamos na comunidade .		$.pages[0].sentences[56]	ffef8450-e302-4882-8306-e5998d31f584			2	2	aidejonaǥa					0						IP-MAT				
57	341bf09a-2ef8-455a-8b6b-88373c617dae	oko aidejonaǥa midi ǥodoigi	Nós não estamos na comunidade .		$.pages[0].sentences[56]	ffef8450-e302-4882-8306-e5998d31f584			3	3	midi	C+D		para os		3	me|i|di	||	||	||	||	IP-MAT				
57	341bf09a-2ef8-455a-8b6b-88373c617dae	oko aidejonaǥa midi ǥodoigi	Nós não estamos na comunidade .		$.pages[0].sentences[56]	ffef8450-e302-4882-8306-e5998d31f584			4	4	ǥodoigi					0						IP-MAT				
58	9a136412-a636-4e5e-aa54-ac684ae7bed3	jipecaǥataǥagitiwaji .	Estamos perto de vocês .		$.pages[0].sentences[57]	ffef8450-e302-4882-8306-e5998d31f584			1	1	jipecaǥataǥagitiwaji					0						IP-MAT				
58	9a136412-a636-4e5e-aa54-ac684ae7bed3	jipecaǥataǥagitiwaji .	Estamos perto de vocês .		$.pages[0].sentences[57]	ffef8450-e302-4882-8306-e5998d31f584			2	2	.	PUNC				0						IP-MAT				
59	dff00f05-7be1-4d62-b3ed-b8a8870851e9	aidejonaǥa midi ǥodoigi	Não estamos na comunidade.		$.pages[0].sentences[58]	ffef8450-e302-4882-8306-e5998d31f584			1	1	aidejonaǥa	VB	0	nós ficamos		0						IP-MAT[l=0]				
59	dff00f05-7be1-4d62-b3ed-b8a8870851e9	aidejonaǥa midi ǥodoigi	Não estamos na comunidade.		$.pages[0].sentences[58]	ffef8450-e302-4882-8306-e5998d31f584			2	2	me@	C	1	para os	"{""v"": ""midi"", ""t"": ""C+D"", ""idx"": 0}"	3	me|i|di	||	||	True||	||	IP-MAT[l=0]|CP-me[l=1]				
59	dff00f05-7be1-4d62-b3ed-b8a8870851e9	aidejonaǥa midi ǥodoigi	Não estamos na comunidade.		$.pages[0].sentences[58]	ffef8450-e302-4882-8306-e5998d31f584			3	3	@idi	D	3		"{""idx"": 1}"	0						IP-MAT[l=0]|CP-me[l=1]|IP-SUB[l=2]|NP[l=3]				
59	dff00f05-7be1-4d62-b3ed-b8a8870851e9	aidejonaǥa midi ǥodoigi	Não estamos na comunidade.		$.pages[0].sentences[58]	ffef8450-e302-4882-8306-e5998d31f584			4	4	ǥodoigi	N$	3			0						IP-MAT[l=0]|CP-me[l=1]|IP-SUB[l=2]|NP[l=3]				
60	3ab5703a-eb5c-48d2-b75b-992da5e60dd6	nigijo nelokodi Maria idei midi akiidi	O avô da Maria está no rio .		$.pages[0].sentences[59]	ffef8450-e302-4882-8306-e5998d31f584			1	1	nigijo	D				3	nG|i|jo	Anf|Gnr|Ncl	||	||	||	IP-MAT				
60	3ab5703a-eb5c-48d2-b75b-992da5e60dd6	nigijo nelokodi Maria idei midi akiidi	O avô da Maria está no rio .		$.pages[0].sentences[59]	ffef8450-e302-4882-8306-e5998d31f584			2	2	nelokodi					0						IP-MAT				
60	3ab5703a-eb5c-48d2-b75b-992da5e60dd6	nigijo nelokodi Maria idei midi akiidi	O avô da Maria está no rio .		$.pages[0].sentences[59]	ffef8450-e302-4882-8306-e5998d31f584			3	3	Maria					0						IP-MAT				
60	3ab5703a-eb5c-48d2-b75b-992da5e60dd6	nigijo nelokodi Maria idei midi akiidi	O avô da Maria está no rio .		$.pages[0].sentences[59]	ffef8450-e302-4882-8306-e5998d31f584			4	4	idei	VB		fica		2	i|dei	Erg|v	3|ficar(permanente)	|	|	IP-MAT				
60	3ab5703a-eb5c-48d2-b75b-992da5e60dd6	nigijo nelokodi Maria idei midi akiidi	O avô da Maria está no rio .		$.pages[0].sentences[59]	ffef8450-e302-4882-8306-e5998d31f584			5	5	me@	C		para os	"{""v"": ""midi"", ""t"": ""C+D"", ""idx"": 0}"	3	me|i|di	||	||	True||	||	IP-MAT				
60	3ab5703a-eb5c-48d2-b75b-992da5e60dd6	nigijo nelokodi Maria idei midi akiidi	O avô da Maria está no rio .		$.pages[0].sentences[59]	ffef8450-e302-4882-8306-e5998d31f584			6	6	@idi	D			"{""idx"": 1}"	0						IP-MAT				
60	3ab5703a-eb5c-48d2-b75b-992da5e60dd6	nigijo nelokodi Maria idei midi akiidi	O avô da Maria está no rio .		$.pages[0].sentences[59]	ffef8450-e302-4882-8306-e5998d31f584			7	7	akiidi	N				0						IP-MAT				
61	f0c7c722-031a-4c6e-ad7e-739402475c99	Nigijo bijo dapicoǥo	O beiju está quente .		$.pages[0].sentences[60]	ffef8450-e302-4882-8306-e5998d31f584			1	1	Nigijo	D	1			3	nG|i|jo	Anf|Gnr|Ncl	||	||	||	IP-MAT[l=0]|NP[l=1]				
61	f0c7c722-031a-4c6e-ad7e-739402475c99	Nigijo bijo dapicoǥo	O beiju está quente .		$.pages[0].sentences[60]	ffef8450-e302-4882-8306-e5998d31f584			2	2	bijo	N	1			0						IP-MAT[l=0]|NP[l=1]				
61	f0c7c722-031a-4c6e-ad7e-739402475c99	Nigijo bijo dapicoǥo	O beiju está quente .		$.pages[0].sentences[60]	ffef8450-e302-4882-8306-e5998d31f584			3	3	dapicoǥo	VB	0			0						IP-MAT[l=0]				
62	d5dcd2bf-a3d0-4074-a241-f706b153134f	Nagada libiwe niale ixagodi	O galho da árvore é vermelho .		$.pages[0].sentences[61]	ffef8450-e302-4882-8306-e5998d31f584			1	1	Nagada					0						IP-MAT				
62	d5dcd2bf-a3d0-4074-a241-f706b153134f	Nagada libiwe niale ixagodi	O galho da árvore é vermelho .		$.pages[0].sentences[61]	ffef8450-e302-4882-8306-e5998d31f584			2	2	libiwe	N$		seu chifre		0						IP-MAT				
62	d5dcd2bf-a3d0-4074-a241-f706b153134f	Nagada libiwe niale ixagodi	O galho da árvore é vermelho .		$.pages[0].sentences[61]	ffef8450-e302-4882-8306-e5998d31f584			3	3	niale	N				0						IP-MAT				
62	d5dcd2bf-a3d0-4074-a241-f706b153134f	Nagada libiwe niale ixagodi	O galho da árvore é vermelho .		$.pages[0].sentences[61]	ffef8450-e302-4882-8306-e5998d31f584			4	4	ixagodi					0						IP-MAT				
63	c3225d86-7037-4f8c-9981-8e92b6a081d6	nigidiwa bijotedi dapicoǥo	Os beijus estão quentes .		$.pages[0].sentences[62]	ffef8450-e302-4882-8306-e5998d31f584			1	1	nigidiwa					0						IP-MAT				
63	c3225d86-7037-4f8c-9981-8e92b6a081d6	nigidiwa bijotedi dapicoǥo	Os beijus estão quentes .		$.pages[0].sentences[62]	ffef8450-e302-4882-8306-e5998d31f584			2	2	bijotedi					0						IP-MAT				
63	c3225d86-7037-4f8c-9981-8e92b6a081d6	nigidiwa bijotedi dapicoǥo	Os beijus estão quentes .		$.pages[0].sentences[62]	ffef8450-e302-4882-8306-e5998d31f584			3	3	dapicoǥo					0						IP-MAT				
64	d0cb9423-93bb-4b45-a02a-fee23a6dd8bb	Nigijoa lianaǥa Maria libinienigipi	Os filhos da Maria são bonitos .		$.pages[0].sentences[63]	ffef8450-e302-4882-8306-e5998d31f584			1	1	Nigijoa					0						IP-MAT				
64	d0cb9423-93bb-4b45-a02a-fee23a6dd8bb	Nigijoa lianaǥa Maria libinienigipi	Os filhos da Maria são bonitos .		$.pages[0].sentences[63]	ffef8450-e302-4882-8306-e5998d31f584			2	2	lianaǥa					0						IP-MAT				
64	d0cb9423-93bb-4b45-a02a-fee23a6dd8bb	Nigijoa lianaǥa Maria libinienigipi	Os filhos da Maria são bonitos .		$.pages[0].sentences[63]	ffef8450-e302-4882-8306-e5998d31f584			3	3	Maria					0						IP-MAT				
64	d0cb9423-93bb-4b45-a02a-fee23a6dd8bb	Nigijoa lianaǥa Maria libinienigipi	Os filhos da Maria são bonitos .		$.pages[0].sentences[63]	ffef8450-e302-4882-8306-e5998d31f584			4	4	libinienigipi					0						IP-MAT				
65	13f012b0-ef62-4477-b4bd-00e000484874	Nigidi lionaǥa iwalo etidi metaǥa	Os filhos da mulher estão comigo .		$.pages[0].sentences[64]	ffef8450-e302-4882-8306-e5998d31f584			1	1	Nigidi	otegexa				0						IP-MAT				
65	13f012b0-ef62-4477-b4bd-00e000484874	Nigidi lionaǥa iwalo etidi metaǥa	Os filhos da mulher estão comigo .		$.pages[0].sentences[64]	ffef8450-e302-4882-8306-e5998d31f584			2	2	lionaǥa	N		filhos		0						IP-MAT				
65	13f012b0-ef62-4477-b4bd-00e000484874	Nigidi lionaǥa iwalo etidi metaǥa	Os filhos da mulher estão comigo .		$.pages[0].sentences[64]	ffef8450-e302-4882-8306-e5998d31f584			3	3	iwalo	N		mulher		2	iwa|lo	n|Cla	mulher|cla	|	|	IP-MAT				
65	13f012b0-ef62-4477-b4bd-00e000484874	Nigidi lionaǥa iwalo etidi metaǥa	Os filhos da mulher estão comigo .		$.pages[0].sentences[64]	ffef8450-e302-4882-8306-e5998d31f584			4	4	etidi	VB		estão (deitados) em		3	et|i|di	v|Gnr|Ncl	estar|M|deitado	||	||	IP-MAT				
65	13f012b0-ef62-4477-b4bd-00e000484874	Nigidi lionaǥa iwalo etidi metaǥa	Os filhos da mulher estão comigo .		$.pages[0].sentences[64]	ffef8450-e302-4882-8306-e5998d31f584			5	5	metaǥa					0						IP-MAT				
66	55fe3cf7-0293-48e6-aa78-44822f50347e	liǥeladi ipegitege nakidi nigotaǥa	A casa dela é perto do rio da cidade .		$.pages[0].sentences[65]	ffef8450-e302-4882-8306-e5998d31f584			1	1	liǥeladi	N$		casa dele/dela		2	l|ǥeladi	Gen|n	3|casa	|	|	IP-MAT				
66	55fe3cf7-0293-48e6-aa78-44822f50347e	liǥeladi ipegitege nakidi nigotaǥa	A casa dela é perto do rio da cidade .		$.pages[0].sentences[65]	ffef8450-e302-4882-8306-e5998d31f584			2	2	ipegitege	VBAPL		fica perto de		3	i|pegi|tece	Erg|v|Apl	3|aproximar|3F	||	||	IP-MAT				
66	55fe3cf7-0293-48e6-aa78-44822f50347e	liǥeladi ipegitege nakidi nigotaǥa	A casa dela é perto do rio da cidade .		$.pages[0].sentences[65]	ffef8450-e302-4882-8306-e5998d31f584			3	3	nakidi					0						IP-MAT				
66	55fe3cf7-0293-48e6-aa78-44822f50347e	liǥeladi ipegitege nakidi nigotaǥa	A casa dela é perto do rio da cidade .		$.pages[0].sentences[65]	ffef8450-e302-4882-8306-e5998d31f584			4	4	nigotaǥa					0						IP-MAT				
67	c0441856-b259-4d76-a88e-33a7e211b208	liǥeladi ipegitege nakidi nigotaǥa	A casa dele é perto do rio da cidade .		$.pages[0].sentences[66]	ffef8450-e302-4882-8306-e5998d31f584			1	1	liǥeladi	N$		casa dele/dela		2	l|ǥeladi	Gen|n	3|casa	|	|	IP-MAT				
67	c0441856-b259-4d76-a88e-33a7e211b208	liǥeladi ipegitege nakidi nigotaǥa	A casa dele é perto do rio da cidade .		$.pages[0].sentences[66]	ffef8450-e302-4882-8306-e5998d31f584			2	2	ipegitege	VBAPL		fica perto de		3	i|pegi|tece	Erg|v|Apl	3|aproximar|3F	||	||	IP-MAT				
67	c0441856-b259-4d76-a88e-33a7e211b208	liǥeladi ipegitege nakidi nigotaǥa	A casa dele é perto do rio da cidade .		$.pages[0].sentences[66]	ffef8450-e302-4882-8306-e5998d31f584			3	3	nakidi					0						IP-MAT				
67	c0441856-b259-4d76-a88e-33a7e211b208	liǥeladi ipegitege nakidi nigotaǥa	A casa dele é perto do rio da cidade .		$.pages[0].sentences[66]	ffef8450-e302-4882-8306-e5998d31f584			4	4	nigotaǥa					0						IP-MAT				
68	9527d53d-7184-4b08-8bb2-51b7fff1429d	nigotaǥa liǥeladi ipegitege akiidi	A cidade da casa dela é perto do rio.		$.pages[0].sentences[67]	ffef8450-e302-4882-8306-e5998d31f584			1	1	nigotaǥa	N	1	cidade		0						IP-MAT[l=0]|NP[l=1]				
68	9527d53d-7184-4b08-8bb2-51b7fff1429d	nigotaǥa liǥeladi ipegitege akiidi	A cidade da casa dela é perto do rio.		$.pages[0].sentences[67]	ffef8450-e302-4882-8306-e5998d31f584			2	2	liǥeladi	N$	1	casa dele/dela		2	l|ǥeladi	Gen|n	3|casa	|	|	IP-MAT[l=0]|NP[l=1]				
68	9527d53d-7184-4b08-8bb2-51b7fff1429d	nigotaǥa liǥeladi ipegitege akiidi	A cidade da casa dela é perto do rio.		$.pages[0].sentences[67]	ffef8450-e302-4882-8306-e5998d31f584			3	3	ipegitege	VBAPL	0	fica perto de		3	i|pegi|tece	Erg|v|Apl	3|aproximar|3F	||	||	IP-MAT[l=0]				
68	9527d53d-7184-4b08-8bb2-51b7fff1429d	nigotaǥa liǥeladi ipegitege akiidi	A cidade da casa dela é perto do rio.		$.pages[0].sentences[67]	ffef8450-e302-4882-8306-e5998d31f584			4	4	akiidi	N	1			0						IP-MAT[l=0]|NP-APL[l=1]				
