conllu_count	issue_type	path	source_file	source_id	source_ordinal	text	token_count	uid
0	token_conllu_count_mismatch	$.pages[0].sentences[0]	data/ped-gramm.json	ped-gramm	1	ajo liwatece ja iwaGadi	4	ed98d4d1-638c-4377-8c6d-5511855636d1
0	token_conllu_count_mismatch	$.pages[0].sentences[1]	data/ped-gramm.json	ped-gramm	1	ajo liwatece etadi weiigi	4	ccb5ea37-b3ba-47a9-8d71-224f599ea7be
0	token_conllu_count_mismatch	$.pages[0].sentences[2]	data/ped-gramm.json	ped-gramm	1	ajo niwatece etadi digoida	4	49347527-d19d-4689-bff1-ba3e497e7b1f
0	token_conllu_count_mismatch	$.pages[0].sentences[3]	data/ped-gramm.json	ped-gramm	1	niwatece iwaGadi	2	69948fe6-81f6-4faa-a344-8f8c47486943
0	token_conllu_count_mismatch	$.pages[0].sentences[4]	data/ped-gramm.json	ped-gramm	1	niwatece etadi weiigi	3	b2e3ea43-0d68-46ee-9f33-938610cc8aec
0	token_conllu_count_mismatch	$.pages[0].sentences[5]	data/ped-gramm.json	ped-gramm	1	ajo niwatece ipegitege weiigi	4	1b99ecb9-5656-4c38-b60b-fbbe643708fb
0	token_conllu_count_mismatch	$.pages[0].sentences[6]	data/ped-gramm.json	ped-gramm	1	liGeladi Maria aGipegetege	4	e553e02e-0d33-4fed-8f6a-b7cf5c9cf9c9
0	token_conllu_count_mismatch	$.pages[0].sentences[7]	data/ped-gramm.json	ped-gramm	1	ica liGeladi ipegetege	3	79a6cd4e-b585-437a-9084-1fa077dec3b6
0	token_conllu_count_mismatch	$.pages[0].sentences[8]	data/ped-gramm.json	ped-gramm	1	liGeladi idei nigotaGa	3	e9d6dfb6-656d-44aa-ba17-86289fd72268
0	token_conllu_count_mismatch	$.pages[0].sentences[9]	data/ped-gramm.json	ped-gramm	1	ica liGeladi ipegitegi	3	2fff1f23-4e6f-401c-8b74-6a17ff6a391a
0	token_conllu_count_mismatch	$.pages[0].sentences[10]	data/ped-gramm.json	ped-gramm	1	ica Maria looligi alidi	5	fef391af-9e63-419f-8f81-057459193f49
0	token_conllu_count_mismatch	$.pages[0].sentences[11]	data/ped-gramm.json	ped-gramm	1	ica looligi lidi	3	070d221f-f72d-4055-9c82-ddc383743e6a
0	token_conllu_count_mismatch	$.pages[0].sentences[12]	data/ped-gramm.json	ped-gramm	1	ica looligi dapico	3	68277d1f-c30b-4c4f-ba9e-c2883cc133af
0	token_conllu_count_mismatch	$.pages[0].sentences[13]	data/ped-gramm.json	ped-gramm	1	ica looligi ja dapico	4	5bebca84-3ecb-44c1-bf70-7eef6f5c0ff5
0	token_conllu_count_mismatch	$.pages[0].sentences[14]	data/ped-gramm.json	ped-gramm	1	ica looligi lideGegi	3	c5bd2cb2-e53b-40e4-9159-6dacde49c1b6
0	token_conllu_count_mismatch	$.pages[0].sentences[15]	data/ped-gramm.json	ped-gramm	1	loigipodi libinienigipi	2	19cc39ce-fe03-4551-8097-9d163a38a3c0
0	token_conllu_count_mismatch	$.pages[0].sentences[16]	data/ped-gramm.json	ped-gramm	1	ica loigi ijo niganigi ipegitegi GanigotGa	6	12147353-b422-4ad7-9bef-1d20e70e2a74
0	token_conllu_count_mismatch	$.pages[0].sentences[17]	data/ped-gramm.json	ped-gramm	1	ica lideGegi loligi idei liGeladi	5	582429f2-67d5-4077-b209-6deb7b5df54f
0	token_conllu_count_mismatch	$.pages[0].sentences[18]	data/ped-gramm.json	ped-gramm	1	ica liwigo libinienigi	3	0f478381-6858-463d-94cc-903e9dc879f9
0	token_conllu_count_mismatch	$.pages[0].sentences[19]	data/ped-gramm.json	ped-gramm	1	ica niwigo libinienigi	3	55551636-8ed3-4545-8510-d8dbfd817a1a
0	token_conllu_count_mismatch	$.pages[0].sentences[20]	data/ped-gramm.json	ped-gramm	1	ica nioladi Ganixoa	3	5d0b94bf-223d-4f09-8c6f-b951a70d6d0b
0	token_conllu_count_mismatch	$.pages[0].sentences[21]	data/ped-gramm.json	ped-gramm	1	ica nioladi nioxoa libinienigi	4	881131dd-3f70-411a-ac7e-85557139d1e3
0	token_conllu_count_mismatch	$.pages[0].sentences[22]	data/ped-gramm.json	ped-gramm	1	ica nioladi lodawa libinienigi	4	95a7d135-4be0-463d-b443-76cc5828fc89
0	token_conllu_count_mismatch	$.pages[0].sentences[23]	data/ped-gramm.json	ped-gramm	1	iGeladi idei naigi anenapioi	5	2f47b402-9fe7-4714-96e3-c6cbdf405472
0	token_conllu_count_mismatch	$.pages[0].sentences[24]	data/ped-gramm.json	ped-gramm	1	iGeladi idei naigi me napioi	5	a4d33655-fe74-4df2-8d5e-b3c88fba5fd1
0	token_conllu_count_mismatch	$.pages[0].sentences[25]	data/ped-gramm.json	ped-gramm	1	João liGeladi ane napioi	5	f081c545-c42b-463d-b57f-db87787f20e7
0	token_conllu_count_mismatch	$.pages[0].sentences[26]	data/ped-gramm.json	ped-gramm	1	iGeladi idei mijo naigi naGajo	6	7b810df7-6ed0-4027-b2fe-72c64e9ca1dc
0	token_conllu_count_mismatch	$.pages[0].sentences[27]	data/ped-gramm.json	ped-gramm	1	Eyodi dowediteloco naodigijedi micoataGa daGa me lionigipi	8	ee1a1190-7803-404c-83f6-49d3ccf63b0d
0	token_conllu_count_mismatch	$.pages[0].sentences[28]	data/ped-gramm.json	ped-gramm	1	Eyodi me niganaGacanajo	3	4bdb4b8f-0176-4303-8a13-e313fbb6d7ad
0	token_conllu_count_mismatch	$.pages[0].sentences[29]	data/ped-gramm.json	ped-gramm	1	Eyodi ane niganaGacanajo	4	7b806584-75e5-4017-b9e2-ba97458903bd
0	token_conllu_count_mismatch	$.pages[0].sentences[30]	data/ped-gramm.json	ped-gramm	1	Eyodi daGa niganaGacanajo	3	845b9d1d-ad7c-445a-bfbd-04fd9255ffc2
0	token_conllu_count_mismatch	$.pages[0].sentences[31]	data/ped-gramm.json	ped-gramm	1	iGeladi idei digoida	3	a4ccc755-a644-4b04-ab1b-698e7acea4cc
0	token_conllu_count_mismatch	$.pages[0].sentences[32]	data/ped-gramm.json	ped-gramm	1	iGeladi ipegitaGagi	2	82117289-be52-45d0-886d-a5747eb20ea2
0	token_conllu_count_mismatch	$.pages[0].sentences[33]	data/ped-gramm.json	ped-gramm	1	iGeladi ipegitegi liGeladi	3	50f93fbc-14fa-48e7-b8ba-22f744109348
0	token_conllu_count_mismatch	$.pages[0].sentences[34]	data/ped-gramm.json	ped-gramm	1	iGeladi ipegitegi naigi ane napioi	6	014fefb1-d5e3-48c8-9ac3-9e713a41407f
0	token_conllu_count_mismatch	$.pages[0].sentences[35]	data/ped-gramm.json	ped-gramm	1	iGeladi ipegitegi naigi me napioi	5	bb8018ba-76b3-43f2-82ea-78b6009c1f90
0	token_conllu_count_mismatch	$.pages[0].sentences[36]	data/ped-gramm.json	ped-gramm	1	iGeladi aGipegitegi weiigi	4	1da1bf7a-7975-4baf-821b-9df5c75ac297
0	token_conllu_count_mismatch	$.pages[0].sentences[37]	data/ped-gramm.json	ped-gramm	1	ijo Gatodi etijo ida .	5	46bbf9a8-c650-4e4b-a44f-78bfe6c5d979
0	token_conllu_count_mismatch	$.pages[0].sentences[38]	data/ped-gramm.json	ped-gramm	1	ijotawece etidi akiidi .	4	4ffc2f68-0474-488f-a94e-4065f952482a
0	token_conllu_count_mismatch	$.pages[0].sentences[39]	data/ped-gramm.json	ped-gramm	1	iGeladi digoida weiigi .	4	10e550d6-df13-4527-8aee-aa23e3f2fcdd
0	token_conllu_count_mismatch	$.pages[0].sentences[40]	data/ped-gramm.json	ped-gramm	1	iGeladi idei weiigi .	4	874c123b-4c43-4001-bfce-8af4af0e5805
0	token_conllu_count_mismatch	$.pages[0].sentences[41]	data/ped-gramm.json	ped-gramm	1	nigotaGa liGeladi ipegitegi weiigi .	5	aad13f14-bd9a-462a-9a43-68ba69a81519
0	token_conllu_count_mismatch	$.pages[0].sentences[42]	data/ped-gramm.json	ped-gramm	1	lotaGa GanaginaGa libinienaGa .	4	19401990-aa1d-4cf5-bea1-122254c6b77a
0	token_conllu_count_mismatch	$.pages[0].sentences[43]	data/ped-gramm.json	ped-gramm	1	nGida niwenigi daGaxa me dakake loojedi .	7	6d2a809e-0d32-4254-9489-f9e356e22493
0	token_conllu_count_mismatch	$.pages[0].sentences[44]	data/ped-gramm.json	ped-gramm	1	João liGeladi napioi .	4	c25b098d-6b0a-4416-a31d-6d7219685a63
0	token_conllu_count_mismatch	$.pages[0].sentences[45]	data/ped-gramm.json	ped-gramm	1	liGeladi João napioi .	4	4e0112b1-baf1-4a7a-bf9e-88fabbe1edc5
0	token_conllu_count_mismatch	$.pages[0].sentences[46]	data/ped-gramm.json	ped-gramm	1	liGeladi ipegitege niweiigi nigotaGa .	5	ef4d298a-643b-4c08-9bdd-f7c6b63ac9ec
0	token_conllu_count_mismatch	$.pages[0].sentences[47]	data/ped-gramm.json	ped-gramm	1	liGeladi ipegitegi niweiigi nigotaGa .	5	8b1a9983-4dfd-49e8-9285-92c56c84b652
0	token_conllu_count_mismatch	$.pages[0].sentences[48]	data/ped-gramm.json	ped-gramm	1	Niwatece iwaGadi codaa adakake loojedi .	7	eeb42af3-fe5a-4b7d-97ea-b381ab589860
0	token_conllu_count_mismatch	$.pages[0].sentences[49]	data/ped-gramm.json	ped-gramm	1	etee minitaGa	3	156fa9a4-4323-44f1-9cdc-ef5dc052b428
0	token_conllu_count_mismatch	$.pages[0].sentences[50]	data/ped-gramm.json	ped-gramm	1	ee aGidininitibeci	3	3b45c470-6164-4fcf-a4d5-90be0f27eb1d
0	token_conllu_count_mismatch	$.pages[0].sentences[51]	data/ped-gramm.json	ped-gramm	1	jipacaGataGagitiwaji	1	d543f155-c01f-4b5e-add1-0533b8ac6e15
0	token_conllu_count_mismatch	$.pages[0].sentences[52]	data/ped-gramm.json	ped-gramm	1	aGee eliodi niinikeGegi	4	3f077b37-aa95-4012-9efb-a21630cdd6e9
0	token_conllu_count_mismatch	$.pages[0].sentences[53]	data/ped-gramm.json	ped-gramm	1	akaami oko jipacaGataGagitiwaji	3	74a76be1-d4b6-42e1-9100-6a436a7fa065
0	token_conllu_count_mismatch	$.pages[0].sentences[54]	data/ped-gramm.json	ped-gramm	1	niGidowa waca lotiidi dapikoGo	4	d3e098e5-4edd-4c24-81cf-78ff4a4d398c
0	token_conllu_count_mismatch	$.pages[0].sentences[55]	data/ped-gramm.json	ped-gramm	1	IiGeladi midi akiidi	4	edb3d8e5-d0c3-4ee6-97a8-ecb3afc84ded
0	token_conllu_count_mismatch	$.pages[0].sentences[56]	data/ped-gramm.json	ped-gramm	1	etogo aneiwaGadi adakake lojedi .	7	2c0248b3-8f68-46e9-b41c-9f7807572c87
0	token_conllu_count_mismatch	$.pages[0].sentences[57]	data/ped-gramm.json	ped-gramm	1	etogo adakake lojedi	3	73ceda1b-be14-4e75-9b1e-2a490d7df366
0	token_conllu_count_mismatch	$.pages[0].sentences[58]	data/ped-gramm.json	ped-gramm	1	etogoli dakake lojetedi	3	bf632295-26f8-4ee6-979f-33f090ef0471
0	token_conllu_count_mismatch	$.pages[0].sentences[59]	data/ped-gramm.json	ped-gramm	1	etogoli dakake loojedi	3	bbd6b80b-3236-4172-8bd5-ba3fb404049e
0	token_conllu_count_mismatch	$.pages[0].sentences[60]	data/ped-gramm.json	ped-gramm	1	Etogoli iwaGadi adakake lojetedi	4	1ab7fa26-ed92-4d55-98d0-0d76396373f0
0	token_conllu_count_mismatch	$.pages[0].sentences[0]	data/hil-data.json	hil-data	2	Iwaalo libiniena	2	fcef38ed-be6b-4f2a-b5cf-fa4db625ecfb
0	token_conllu_count_mismatch	$.pages[0].sentences[1]	data/hil-data.json	hil-data	2	Iwaalo ninitibeci	2	31d3b4c0-4aab-4538-999b-b8ee85c34444
0	token_conllu_count_mismatch	$.pages[0].sentences[2]	data/hil-data.json	hil-data	2	LotaGa Ganioxoa libinienaGa	3	39f34955-a828-47d7-808d-b3b3565b42d6
0	token_conllu_count_mismatch	$.pages[0].sentences[3]	data/hil-data.json	hil-data	2	LotaGa Gadodawa libinienaGa	3	d3ae6cfd-bec1-49f3-a0f9-4ca0744e3404
0	token_conllu_count_mismatch	$.pages[0].sentences[4]	data/hil-data.json	hil-data	2	Etogo aneiwaGadi adakake lojedi	6	e349508c-4d86-48b8-9918-057988755e77
0	token_conllu_count_mismatch	$.pages[0].sentences[5]	data/hil-data.json	hil-data	2	Etogo ane iwaGadi adakake loojedi	6	1d10c633-e74d-4e27-ac23-6b6b2dde9647
0	token_conllu_count_mismatch	$.pages[0].sentences[6]	data/hil-data.json	hil-data	2	Gawenigi eliodi me libinienigi	4	435e4b10-ab78-4ee3-84b0-7773dbe10bf7
0	token_conllu_count_mismatch	$.pages[0].sentences[7]	data/hil-data.json	hil-data	2	NiGijo liwenigi libinienigi	3	cf44903e-0c33-44bc-a146-1fb8a4ccb973
0	token_conllu_count_mismatch	$.pages[0].sentences[8]	data/hil-data.json	hil-data	2	NiGida niwenigi eliodi me dakake loojedi	6	0ca977cd-2edf-45d9-b958-068648aebef9
0	token_conllu_count_mismatch	$.pages[0].sentences[9]	data/hil-data.json	hil-data	2	NaGajo lomigo Pedilo idei madi niwatece	7	559ba85f-edfc-48dc-9bfb-0c3f8e5ad887
0	token_conllu_count_mismatch	$.pages[0].sentences[10]	data/hil-data.json	hil-data	2	NaGajo lomigo niganigawanigi madi niwatece	6	92838eda-ef9b-4f05-a5eb-38a4709c0337
0	token_conllu_count_mismatch	$.pages[0].sentences[11]	data/hil-data.json	hil-data	2	Te ee nigotaGa	3	3a7e213b-323e-4694-bad9-47091f3533f5
0	token_conllu_count_mismatch	$.pages[0].sentences[12]	data/hil-data.json	hil-data	2	niGijoa lionaGa iwaalo idei mijotaGa	6	0de3d311-348a-4107-a191-9fc3f960c249
0	token_conllu_count_mismatch	$.pages[0].sentences[13]	data/hil-data.json	hil-data	2	dibixodi ideiticoaci maditaGa	4	4e9130da-80fd-4ac2-8665-956c95b299e2
0	token_conllu_count_mismatch	$.pages[0].sentences[14]	data/hil-data.json	hil-data	2	Iwaalepodi libinienigipi .	3	baccc279-f303-4b4f-a6d7-4404de699f4a
0	token_conllu_count_mismatch	$.pages[0].sentences[15]	data/hil-data.json	hil-data	2	Ninitibeci .	2	af474637-80f3-4001-884c-4d5f452fb573
0	token_conllu_count_mismatch	$.pages[0].sentences[16]	data/hil-data.json	hil-data	2	ninitibeci naGada	2	8f297896-5ee6-461f-86e3-0d4d4ef5a661
0	token_conllu_count_mismatch	$.pages[0].sentences[17]	data/hil-data.json	hil-data	2	Ninitibeci naGadi .	3	4855882d-49f1-4035-bd12-73abf82df995
0	token_conllu_count_mismatch	$.pages[0].sentences[18]	data/hil-data.json	hil-data	2	naGada iwaGadi	2	d489d970-e6b1-42e3-add2-2221f2fb1fad
0	token_conllu_count_mismatch	$.pages[0].sentences[19]	data/hil-data.json	hil-data	2	naGadi iwaGadi	2	23b27bf4-3694-4053-8f74-b3c739fc8ee2
0	token_conllu_count_mismatch	$.pages[0].sentences[20]	data/hil-data.json	hil-data	2	NaGana iwaGadi	2	85801af7-8128-4d85-a7bd-a182d5dc58a5
0	token_conllu_count_mismatch	$.pages[0].sentences[21]	data/hil-data.json	hil-data	2	Ada iwaGadi	2	b9d77060-3ac9-4305-ba86-2723cc7cb70a
0	token_conllu_count_mismatch	$.pages[0].sentences[22]	data/hil-data.json	hil-data	2	Ani iwaGadi	2	7521cd51-aa9b-4ff6-8d87-a5ce4ca92b6d
0	token_conllu_count_mismatch	$.pages[0].sentences[23]	data/hil-data.json	hil-data	2	Adi iwaGadi	2	96687d35-46ae-4338-9398-ff66a3165b61
0	token_conllu_count_mismatch	$.pages[0].sentences[24]	data/hil-data.json	hil-data	2	naGana eliodi meninitibeci	4	24a9e039-79d0-4026-8824-0d061c2b21ee
0	token_conllu_count_mismatch	$.pages[0].sentences[25]	data/hil-data.json	hil-data	2	DapicoGo	1	fba05264-0e3c-4248-8211-3ac87c64c2e6
0	token_conllu_count_mismatch	$.pages[0].sentences[26]	data/hil-data.json	hil-data	2	DapipocoGo	1	f9af3f8f-3b06-4756-8676-b5ffb2c24b44
0	token_conllu_count_mismatch	$.pages[0].sentences[27]	data/hil-data.json	hil-data	2	libiniena	1	fab37d81-bb9b-4e20-a8f5-3b3969ee86d1
0	token_conllu_count_mismatch	$.pages[0].sentences[28]	data/hil-data.json	hil-data	2	libinienigi	1	0b9bddcd-f6af-4281-80a9-cac2377d0af1
0	token_conllu_count_mismatch	$.pages[0].sentences[29]	data/hil-data.json	hil-data	2	DapicoGo	1	38c689d8-332d-4406-b236-de4593e4853a
0	token_conllu_count_mismatch	$.pages[0].sentences[30]	data/hil-data.json	hil-data	2	DapicoGo	1	ea70209d-4f3c-4bf9-8d93-2d91fa0f928c
0	token_conllu_count_mismatch	$.pages[0].sentences[31]	data/hil-data.json	hil-data	2	Ninitibigiwaji .	2	4aed8aa8-bd36-4940-8020-8ba12122304e
0	token_conllu_count_mismatch	$.pages[0].sentences[32]	data/hil-data.json	hil-data	2	NiGida lodajo lodawa aidei dineigi	6	3a27c7c6-ecd6-45c0-a71e-b4aa2a242a3d
0	token_conllu_count_mismatch	$.pages[0].sentences[33]	data/hil-data.json	hil-data	2	liwigo niganigawanigi libinienigi	3	64f2c803-b436-4202-b4c7-acf5c7205bc3
0	token_conllu_count_mismatch	$.pages[0].sentences[34]	data/hil-data.json	hil-data	2	naGani wetiGa eliodi me iwaGadi	5	8bad7bc3-f82f-46c0-9e63-c780104b11e2
0	token_conllu_count_mismatch	$.pages[0].sentences[35]	data/hil-data.json	hil-data	2	NaGani wetiGa iwaGadi	3	768a3635-dcaf-4210-b236-73568abadbdb
0	token_conllu_count_mismatch	$.pages[0].sentences[36]	data/hil-data.json	hil-data	2	NiGinoa wetiadi iwaGadi	3	e5f90fbc-14e8-4c6f-9e07-61fbf67d042f
0	token_conllu_count_mismatch	$.pages[0].sentences[37]	data/hil-data.json	hil-data	2	NaGani wetiGa iwaGadi	3	f4b854f9-c3c6-4e88-8a9b-ca73fcba8d46
0	token_conllu_count_mismatch	$.pages[0].sentences[38]	data/hil-data.json	hil-data	2	NaGani wetiGa ane iwaGadi eniteloco iGonagi	7	38f73c1c-ddfb-4153-9310-d24214cd68e7
0	token_conllu_count_mismatch	$.pages[0].sentences[39]	data/hil-data.json	hil-data	2	NaGani wetiGa ane iwaGadi iGonagi	6	e1bcbfa4-89e4-4d25-8d84-bc9ed0b2f7e4
0	token_conllu_count_mismatch	$.pages[0].sentences[40]	data/hil-data.json	hil-data	2	NiGidoa waca lotiidi dapicoGo	4	8dda04f0-f7e8-46d6-b41d-b65dd214f01b
0	token_conllu_count_mismatch	$.pages[0].sentences[41]	data/hil-data.json	hil-data	2	nigidiwa okokodi ligetedi midi niwigo libinienaGa	7	79cb0e55-9c06-4cb1-91b3-2b5233e1678f
0	token_conllu_count_mismatch	$.pages[0].sentences[42]	data/hil-data.json	hil-data	2	nigidiwa okokodi ligetedi liwigo libinienaGa	5	a74fea0a-dd87-4c4d-8670-9db66f5b5b16
0	token_conllu_count_mismatch	$.pages[0].sentences[43]	data/hil-data.json	hil-data	2	Nigidiwa noGojedi lixagotaGaGa adakake lojedi	7	83fdcd4c-338f-4a9f-8545-da8539e67e9d
0	token_conllu_count_mismatch	$.pages[0].sentences[44]	data/hil-data.json	hil-data	2	Ee ite ee ina	4	07bfcd00-7901-474d-bfb8-bf470266aafa
0	token_conllu_count_mismatch	$.pages[0].sentences[45]	data/hil-data.json	hil-data	2	Ite ee madataGa	4	42671da9-e433-4319-86a0-2a2cb8777a40
0	token_conllu_count_mismatch	$.pages[0].sentences[46]	data/hil-data.json	hil-data	2	Ite ee midataGa	4	e58e38a7-f117-48f1-8a17-9d896867fe60
0	token_conllu_count_mismatch	$.pages[0].sentences[47]	data/hil-data.json	hil-data	2	Ee aidinitibeci .	4	4242d34b-9096-45a2-a666-502a2cb9ca49
0	token_conllu_count_mismatch	$.pages[0].sentences[48]	data/hil-data.json	hil-data	2	Ee ageliodi me idinitibeci	5	1e9df213-90da-4674-8889-4ac858df72fe
0	token_conllu_count_mismatch	$.pages[0].sentences[49]	data/hil-data.json	hil-data	2	Ee ajipegitege	3	c4302bef-3de9-4f3c-b762-f6b77183f263
0	token_conllu_count_mismatch	$.pages[0].sentences[50]	data/hil-data.json	hil-data	2	Ee ajipegitege	3	5bc48b27-0755-475f-813e-7a259f3c3c9e
0	token_conllu_count_mismatch	$.pages[0].sentences[51]	data/hil-data.json	hil-data	2	ee idiwaGadi	2	1e1fafc0-29c6-41d4-a0d2-4c825d9af376
0	token_conllu_count_mismatch	$.pages[0].sentences[52]	data/hil-data.json	hil-data	2	jipegitege	1	71aff593-7b38-4c17-9563-4503985dbd03
0	token_conllu_count_mismatch	$.pages[0].sentences[53]	data/hil-data.json	hil-data	2	jipegitege	1	f4f18c18-728c-4d6b-b7dd-2df62c4a829a
0	token_conllu_count_mismatch	$.pages[0].sentences[54]	data/hil-data.json	hil-data	2	aGeliodi me idinitibeci .	5	90ca38d8-e063-4c98-af51-4b9022ade506
0	token_conllu_count_mismatch	$.pages[0].sentences[55]	data/hil-data.json	hil-data	2	jipecaGataGagi .	2	82bfae64-45e7-403f-bcd0-190e00f4520f
0	token_conllu_count_mismatch	$.pages[0].sentences[56]	data/hil-data.json	hil-data	2	oko aidejonaGa midi Godoigi	6	341bf09a-2ef8-455a-8b6b-88373c617dae
0	token_conllu_count_mismatch	$.pages[0].sentences[57]	data/hil-data.json	hil-data	2	jipecaGataGagitiwaji .	2	9a136412-a636-4e5e-aa54-ac684ae7bed3
0	token_conllu_count_mismatch	$.pages[0].sentences[58]	data/hil-data.json	hil-data	2	aidejonaGa midi Godoigi	5	dff00f05-7be1-4d62-b3ed-b8a8870851e9
0	token_conllu_count_mismatch	$.pages[0].sentences[59]	data/hil-data.json	hil-data	2	niGijo nelokodi Maria idei midi akiidi	7	3ab5703a-eb5c-48d2-b75b-992da5e60dd6
0	token_conllu_count_mismatch	$.pages[0].sentences[60]	data/hil-data.json	hil-data	2	NiGijo bijo dapicoGo	3	f0c7c722-031a-4c6e-ad7e-739402475c99
0	token_conllu_count_mismatch	$.pages[0].sentences[61]	data/hil-data.json	hil-data	2	Nagada libiwe niale ixagodi	4	d5dcd2bf-a3d0-4074-a241-f706b153134f
0	token_conllu_count_mismatch	$.pages[0].sentences[62]	data/hil-data.json	hil-data	2	nigidiwa bijotedi dapicoGo	3	c3225d86-7037-4f8c-9981-8e92b6a081d6
0	token_conllu_count_mismatch	$.pages[0].sentences[63]	data/hil-data.json	hil-data	2	Nigijoa lianaGa Maria libinienigipi	4	d0cb9423-93bb-4b45-a02a-fee23a6dd8bb
0	token_conllu_count_mismatch	$.pages[0].sentences[64]	data/hil-data.json	hil-data	2	NiGidi lionaGa iwaalo etidi meetaGa	6	13f012b0-ef62-4477-b4bd-00e000484874
0	token_conllu_count_mismatch	$.pages[0].sentences[65]	data/hil-data.json	hil-data	2	liGeladi ipegitege nakidi nigotaGa	4	55fe3cf7-0293-48e6-aa78-44822f50347e
0	token_conllu_count_mismatch	$.pages[0].sentences[66]	data/hil-data.json	hil-data	2	liGeladi ipegitege nakidi nigotaGa	4	c0441856-b259-4d76-a88e-33a7e211b208
0	token_conllu_count_mismatch	$.pages[0].sentences[67]	data/hil-data.json	hil-data	2	nigotaGa liGeladi ipegitege akiidi	4	9527d53d-7184-4b08-8bb2-51b7fff1429d
0	token_conllu_count_mismatch	$.pages[0].sentences[68]	data/hil-data.json	hil-data	2	Nigaanigawaanigi etini liwatece Pedilo	4	9669b093-f0a2-4187-9063-cec9ba4c0196
0	token_conllu_count_mismatch	$.pages[0].sentences[69]	data/hil-data.json	hil-data	2	NiGijo nigaanigawaanigi etini liwatece ideloGole	5	529c167b-b3a7-40cc-af76-c7522719c6d4
0	token_conllu_count_mismatch	$.pages[0].sentences[0]	data/van-data.json	van-data	3	iGeladi digoida weiigi	3	a7e338a1-5403-40d4-b169-c840cf193aae
0	token_conllu_count_mismatch	$.pages[0].sentences[1]	data/van-data.json	van-data	3	iGeladi idei weiigi	3	d07f0db7-963e-47ab-ab3f-36614732bacd
0	token_conllu_count_mismatch	$.pages[0].sentences[2]	data/van-data.json	van-data	3	iGeladi ideaGi weiigi	3	f50b632e-fc1a-4ec0-b8b3-610dab7be736
0	token_conllu_count_mismatch	$.pages[0].sentences[3]	data/van-data.json	van-data	3	iwaalo ja libiniena	3	d26cfc71-a117-4817-9f35-4a7d23fd1f88
0	token_conllu_count_mismatch	$.pages[0].sentences[4]	data/van-data.json	van-data	3	iwaalo ja ninitibeke	3	e3b84bb7-7e6e-474c-9ad6-c6a47b409a5a
0	token_conllu_count_mismatch	$.pages[0].sentences[5]	data/van-data.json	van-data	3	lotaGa GanaaginaGa libinienaGa	3	3e518fdb-d852-41e5-87a4-f8778597c2a1
0	token_conllu_count_mismatch	$.pages[0].sentences[6]	data/van-data.json	van-data	3	lotaGa Gadodawa libinienaGa	3	ee540050-e6fa-424e-9252-fd0b9312769d
0	token_conllu_count_mismatch	$.pages[0].sentences[7]	data/van-data.json	van-data	3	niwatece iwaGadi noxilece lojetedi	4	947061b4-7b73-4612-8aa8-0af0e04cbc85
0	token_conllu_count_mismatch	$.pages[0].sentences[8]	data/van-data.json	van-data	3	niwatece liwaGatena lodejedi etidi weiigi	5	2c026af9-b8a1-4389-b658-00113b070dee
0	token_conllu_count_mismatch	$.pages[0].sentences[9]	data/van-data.json	van-data	3	Gawenigi eliodi me libinienigi	4	0c38eab8-c6b0-4f02-bf05-27ea6285fe70
0	token_conllu_count_mismatch	$.pages[0].sentences[10]	data/van-data.json	van-data	3	niGida liwenigi libinienigi	3	a85fda39-1575-4120-9432-8fb534ebdbd2
0	token_conllu_count_mismatch	$.pages[0].sentences[11]	data/van-data.json	van-data	3	niGida niwenigi daGaxa me dakake loojedi	6	a1e15803-1e5e-481f-8137-a84beac6cbcc
0	token_conllu_count_mismatch	$.pages[0].sentences[12]	data/van-data.json	van-data	3	naGajo lomiigo Pedro idei niwatece	5	e9806e26-701d-4f5f-9ca9-63216cccf3d0
0	token_conllu_count_mismatch	$.pages[0].sentences[13]	data/van-data.json	van-data	3	naGajo lomiigo nigaanigawaanigi manitaGa niwatece	6	2386b5b5-57d0-4a1f-86c2-73f67561744c
0	token_conllu_count_mismatch	$.pages[0].sentences[14]	data/van-data.json	van-data	3	Ijo nigaanigawaanigi idei madi lomiigo niwatece	7	4c41fdf6-0c48-4eb6-91f7-121c21f3e2a7
0	token_conllu_count_mismatch	$.pages[0].sentences[15]	data/van-data.json	van-data	3	niGijo nigaanigawaanigi manitaGa lomigo niwatece	6	235440ba-548e-4df6-8d9e-214cc8714f8f
0	token_conllu_count_mismatch	$.pages[0].sentences[16]	data/van-data.json	van-data	3	Eyo nigotaGa	2	86f5c128-e931-4443-90cc-2359748ed69f
0	token_conllu_count_mismatch	$.pages[0].sentences[17]	data/van-data.json	van-data	3	Eyo manitaGa nigotaGa	4	d021bede-064b-4fd5-bb33-6c7cd4279c1b
0	token_conllu_count_mismatch	$.pages[0].sentences[18]	data/van-data.json	van-data	3	niGijoa lionigipi iwaalo idei minitaGa	6	e5c65dad-8b04-46da-b965-4921887cbca4
0	token_conllu_count_mismatch	$.pages[0].sentences[19]	data/van-data.json	van-data	3	dibixodi idei manitaGa	4	8c5dd09c-d010-4c48-9601-9d3b14c61119
0	token_conllu_count_mismatch	$.pages[0].sentences[20]	data/van-data.json	van-data	3	iwalepodi ja libinienigipi	3	9b107abc-b49f-4ce2-9c43-30c7e5b5f8b2
0	token_conllu_count_mismatch	$.pages[0].sentences[21]	data/van-data.json	van-data	3	ajo ninitibeci	2	0d6cdbcf-9d99-4eff-8615-149ec22fec5f
0	token_conllu_count_mismatch	$.pages[0].sentences[22]	data/van-data.json	van-data	3	ajo iwaGadi	2	05676093-36c9-4e30-959a-e850447f32a5
0	token_conllu_count_mismatch	$.pages[0].sentences[23]	data/van-data.json	van-data	3	ajo daGaxa ninitibeci	3	661c62a7-3c8c-4609-b989-017deaae82c6
0	token_conllu_count_mismatch	$.pages[0].sentences[24]	data/van-data.json	van-data	3	ajo eliodi linikeGegi	3	abe20c80-8394-478c-92eb-feef1512e5ed
0	token_conllu_count_mismatch	$.pages[0].sentences[25]	data/van-data.json	van-data	3	ajo lapicaGa	2	0575dd46-865a-4ba4-bd49-ed6db054eeb4
0	token_conllu_count_mismatch	$.pages[0].sentences[26]	data/van-data.json	van-data	3	ijo libinienigi	2	3aba0004-0ce2-4392-a334-ef814428ec0d
0	token_conllu_count_mismatch	$.pages[0].sentences[27]	data/van-data.json	van-data	3	ijo lapicaGigi	2	d369088d-7d87-44b9-a956-2d5bd5f955e1
0	token_conllu_count_mismatch	$.pages[0].sentences[28]	data/van-data.json	van-data	3	niGijo ninitibigiwaji	2	a0ab1cad-f01e-49bb-8f31-5edf4fa4c102
0	token_conllu_count_mismatch	$.pages[0].sentences[29]	data/van-data.json	van-data	3	nGijo lodajo ajo lodowa aGica digoida liGeladi	8	0c7e64fb-f070-4faa-a12a-c110cdf4bf16
0	token_conllu_count_mismatch	$.pages[0].sentences[30]	data/van-data.json	van-data	3	ica liwigo niganigawanigi libinienigi	4	5d76c7ee-51ce-47b0-a85d-ddc7f7d33f5f
0	token_conllu_count_mismatch	$.pages[0].sentences[31]	data/van-data.json	van-data	3	naGani wetiGa liwaGatena	3	46190f73-f21e-4073-b09c-8b2d17c6668e
0	token_conllu_count_mismatch	$.pages[0].sentences[32]	data/van-data.json	van-data	3	naGani wetiGa iwaGadi	3	a0bb1280-1040-4dff-9311-a1a31049b6f8
0	token_conllu_count_mismatch	$.pages[0].sentences[33]	data/van-data.json	van-data	3	niGidiwa wetiadi iwaGadi	3	e1acd124-849e-40dc-bbb0-a8b6ed281592
0	token_conllu_count_mismatch	$.pages[0].sentences[34]	data/van-data.json	van-data	3	ani wetiGa eliodi me iwaGadi	5	675ef4d4-ebe8-4601-bf42-908deb0df82b
0	token_conllu_count_mismatch	$.pages[0].sentences[35]	data/van-data.json	van-data	3	ani wetiGa iwaGadi	3	42b65fc9-cec4-40a9-8aec-cdeec3731df8
0	token_conllu_count_mismatch	$.pages[0].sentences[36]	data/van-data.json	van-data	3	ani wetiGa me iwaGadi eniteloco iGonagi	6	ba34b659-bcb8-4aa2-b9f4-b969ba786b12
0	token_conllu_count_mismatch	$.pages[0].sentences[37]	data/van-data.json	van-data	3	ani wetiGa ane iwaGadi eniteloco iGonagi	7	61da4017-2140-4577-82e4-d5108efae675
0	token_conllu_count_mismatch	$.pages[0].sentences[38]	data/van-data.json	van-data	3	idiwa wetiadi iwaGadi	3	6459c008-b2ad-4517-8227-b525616b720d
0	token_conllu_count_mismatch	$.pages[0].sentences[39]	data/van-data.json	van-data	3	niGidowa waca lotiidi dapicoGo	4	b4e1df8d-6590-4ce9-9f72-c0b054398c89
0	token_conllu_count_mismatch	$.pages[0].sentences[40]	data/van-data.json	van-data	3	idowa waca lotiidi dapicoGo	4	278e4c5c-aaab-4ca3-8f5e-277610fb80c2
0	token_conllu_count_mismatch	$.pages[0].sentences[41]	data/van-data.json	van-data	3	ijowa nigetedi liwigo libinienaGa	4	44646324-eb90-42f0-b944-21f0452109e2
0	token_conllu_count_mismatch	$.pages[0].sentences[42]	data/van-data.json	van-data	3	ijo niwigo libinienigi ijowa nigetedi	5	a2910ce3-a0d2-4eac-bcc3-2da15db88b90
0	token_conllu_count_mismatch	$.pages[0].sentences[43]	data/van-data.json	van-data	3	ijowa nigetedi niwigo libinienigipi	4	075356e6-f89c-4d83-b001-435d13b319dc
0	token_conllu_count_mismatch	$.pages[0].sentences[44]	data/van-data.json	van-data	3	okokodi ligetedi midi niwigo libinienaGa .	7	5739aca1-95fc-4584-9550-d7bd73c3c361
0	token_conllu_count_mismatch	$.pages[0].sentences[45]	data/van-data.json	van-data	3	liwigo okokodi ligetedi libinienigi .	5	83a62eb4-5a9e-43b0-b6b4-bded8dbd8ffe
0	token_conllu_count_mismatch	$.pages[0].sentences[46]	data/van-data.json	van-data	3	idiwa noGojedi lixagotaGaGa adakake loojedi	7	fad6e8d3-1e9f-451c-aaa7-fd28aecfd967
0	token_conllu_count_mismatch	$.pages[0].sentences[47]	data/van-data.json	van-data	3	etee ina	2	e189be3e-9290-4d1c-b343-74d3858ce7cd
0	token_conllu_count_mismatch	$.pages[0].sentences[48]	data/van-data.json	van-data	3	eteyo ina	2	889846ee-66df-4c8f-88d1-e89d3619eb1e
0	token_conllu_count_mismatch	$.pages[0].sentences[49]	data/van-data.json	van-data	3	etee manitaGa	3	e7f4ab65-14d7-44f5-a197-c99c4ab173cd
0	token_conllu_count_mismatch	$.pages[0].sentences[50]	data/van-data.json	van-data	3	etee minitaGa	3	7aa17dd7-2c26-4df9-8f90-65d8d58e2c59
0	token_conllu_count_mismatch	$.pages[0].sentences[51]	data/van-data.json	van-data	3	ee aGica inikeGegi	3	c3c548d7-b154-437e-9baf-541a1bbbab6e
0	token_conllu_count_mismatch	$.pages[0].sentences[52]	data/van-data.json	van-data	3	ee aGidininitibeci	3	c4d99cf1-e781-4efb-83ff-4a0ab873b7ec
0	token_conllu_count_mismatch	$.pages[0].sentences[53]	data/van-data.json	van-data	3	aGee eliodi niinikeGegi	4	969ba2f3-88dc-417e-ad3f-16ce88b4c762
0	token_conllu_count_mismatch	$.pages[0].sentences[54]	data/van-data.json	van-data	3	ee eliodi me aGidininitibeci	5	39925f76-d73f-423f-95cd-f88bd78f2a6e
0	token_conllu_count_mismatch	$.pages[0].sentences[55]	data/van-data.json	van-data	3	aGica daGa jipegitege	3	d3095a7e-477d-405e-9ea2-85bfdacad7d3
0	token_conllu_count_mismatch	$.pages[0].sentences[56]	data/van-data.json	van-data	3	aGica daGa jipegitegi	3	813f2ad7-42fb-4fbd-84b4-1957c68aa4f9
0	token_conllu_count_mismatch	$.pages[0].sentences[57]	data/van-data.json	van-data	3	ee idiwaaGadi	2	b3c03f67-7664-43b7-9de8-b5243321eeb7
0	token_conllu_count_mismatch	$.pages[0].sentences[58]	data/van-data.json	van-data	3	ee jigipegitege	2	6852927c-53de-411d-9ed9-e0f9d78309cd
0	token_conllu_count_mismatch	$.pages[0].sentences[59]	data/van-data.json	van-data	3	ee jigipegitegi	2	2b6a6bee-392e-49f9-97a9-0afbb0af2eff
0	token_conllu_count_mismatch	$.pages[0].sentences[60]	data/van-data.json	van-data	3	aGeewi mica iniKGigi	6	42df6a83-6ae1-49b2-bd99-fbed7e2a083b
0	token_conllu_count_mismatch	$.pages[0].sentences[61]	data/van-data.json	van-data	3	aGeyo mica inikGigi	5	27d94732-46ea-4286-a1d4-b2861806a579
0	token_conllu_count_mismatch	$.pages[0].sentences[62]	data/van-data.json	van-data	3	JipecaGataGagi	1	651a68ed-90a0-45b7-9eb5-411bc2c189c7
0	token_conllu_count_mismatch	$.pages[0].sentences[63]	data/van-data.json	van-data	3	aGidedonaGa midi Godoigi	5	d3952c8a-1ac1-4255-be0b-63978fdf368b
0	token_conllu_count_mismatch	$.pages[0].sentences[64]	data/van-data.json	van-data	3	jipacaGataGagitiwaji	1	e9b78452-925e-458b-848a-d52ab76f6840
0	token_conllu_count_mismatch	$.pages[0].sentences[65]	data/van-data.json	van-data	3	aGide jonaGa midi Godoigi	7	fbae0277-3aad-4812-9229-94179b5a97a0
0	token_conllu_count_mismatch	$.pages[0].sentences[66]	data/van-data.json	van-data	3	ijo lemé Maria ipegitegi weiigi	5	6599689a-3fbe-4598-8827-78aceeff3931
0	token_conllu_count_mismatch	$.pages[0].sentences[67]	data/van-data.json	van-data	3	biju dapico	2	b8878027-73d2-4b11-bc18-cbdcf5637e55
0	token_conllu_count_mismatch	$.pages[0].sentences[68]	data/van-data.json	van-data	3	libiwe niale ixagodi	3	30ef1810-38e0-4cef-8db3-4dda590faa09
0	token_conllu_count_mismatch	$.pages[0].sentences[69]	data/van-data.json	van-data	3	idiwa bejoli dapico	3	444f95ae-8ed7-422e-84f1-aae6d4af2b6d
0	token_conllu_count_mismatch	$.pages[0].sentences[70]	data/van-data.json	van-data	3	idiwa leonigipi Maria libinienigipi	4	f240dcfe-ca05-42aa-8644-07b9e3464e1a
0	token_conllu_count_mismatch	$.pages[0].sentences[71]	data/van-data.json	van-data	3	ijowa leonigipi iwaalo idi metaGa	5	b97e5b2f-d0da-4238-8ee6-2c64ded91f76
0	token_conllu_count_mismatch	$.pages[0].sentences[72]	data/van-data.json	van-data	3	ligeladi ipegitege niweiigi nigotaGa	4	c1b350df-ed1a-4e3b-89a8-a6fa9ca8382e
0	token_conllu_count_mismatch	$.pages[0].sentences[73]	data/van-data.json	van-data	3	ligeladi ipegitegi niweiigi nigotaGa	4	ebff5ffa-8a9d-4f8b-9960-38f70b344c19
0	token_conllu_count_mismatch	$.pages[0].sentences[74]	data/van-data.json	van-data	3	nigotaGa liGeladi ipegitegi weiigi	4	81048a6f-e084-4b0a-965a-f41fb5c53ff7
